--
-- PostgreSQL database dump
--

-- Dumped from database version 17.0
-- Dumped by pg_dump version 17.0
SET statement_timeout = 0;
SET lock_timeout = 0;
SET idle_in_transaction_session_timeout = 0;
--SET transaction_timeout = 0;
SET client_encoding = 'UTF8';
SET standard_conforming_strings = on;
SELECT pg_catalog.set_config('search_path', '', false);
SET check_function_bodies = false;
SET xmloption = content;
SET client_min_messages = warning;
SET row_security = off;

SET default_tablespace = '';

SET default_table_access_method = heap;

--
-- Name: account_userprofile; Type: TABLE; Schema: public; Owner: postgres
--

CREATE TABLE public.account_userprofile (
    id bigint NOT NULL,
    avatar character varying(100),
    user_id integer NOT NULL
);


ALTER TABLE public.account_userprofile OWNER TO postgres;

--
-- Name: account_userprofile_id_seq; Type: SEQUENCE; Schema: public; Owner: postgres
--

ALTER TABLE public.account_userprofile ALTER COLUMN id ADD GENERATED BY DEFAULT AS IDENTITY (
    SEQUENCE NAME public.account_userprofile_id_seq
    START WITH 1
    INCREMENT BY 1
    NO MINVALUE
    NO MAXVALUE
    CACHE 1
);


--
-- Name: applications; Type: TABLE; Schema: public; Owner: postgres
--

CREATE TABLE public.applications (
    id bigint NOT NULL,
    reason text NOT NULL,
    data timestamp with time zone NOT NULL,
    user_id integer NOT NULL,
    device_id bigint NOT NULL,
    office_id bigint NOT NULL,
    status_id bigint NOT NULL,
    breakdown_type_id bigint
);


ALTER TABLE public.applications OWNER TO postgres;

--
-- Name: applications_id_seq; Type: SEQUENCE; Schema: public; Owner: postgres
--

ALTER TABLE public.applications ALTER COLUMN id ADD GENERATED BY DEFAULT AS IDENTITY (
    SEQUENCE NAME public.applications_id_seq
    START WITH 1
    INCREMENT BY 1
    NO MINVALUE
    NO MAXVALUE
    CACHE 1
);


--
-- Name: auth_group; Type: TABLE; Schema: public; Owner: postgres
--

CREATE TABLE public.auth_group (
    id integer NOT NULL,
    name character varying(150) NOT NULL
);


ALTER TABLE public.auth_group OWNER TO postgres;

--
-- Name: auth_group_id_seq; Type: SEQUENCE; Schema: public; Owner: postgres
--

ALTER TABLE public.auth_group ALTER COLUMN id ADD GENERATED BY DEFAULT AS IDENTITY (
    SEQUENCE NAME public.auth_group_id_seq
    START WITH 1
    INCREMENT BY 1
    NO MINVALUE
    NO MAXVALUE
    CACHE 1
);


--
-- Name: auth_group_permissions; Type: TABLE; Schema: public; Owner: postgres
--

CREATE TABLE public.auth_group_permissions (
    id bigint NOT NULL,
    group_id integer NOT NULL,
    permission_id integer NOT NULL
);


ALTER TABLE public.auth_group_permissions OWNER TO postgres;

--
-- Name: auth_group_permissions_id_seq; Type: SEQUENCE; Schema: public; Owner: postgres
--

ALTER TABLE public.auth_group_permissions ALTER COLUMN id ADD GENERATED BY DEFAULT AS IDENTITY (
    SEQUENCE NAME public.auth_group_permissions_id_seq
    START WITH 1
    INCREMENT BY 1
    NO MINVALUE
    NO MAXVALUE
    CACHE 1
);


--
-- Name: auth_permission; Type: TABLE; Schema: public; Owner: postgres
--

CREATE TABLE public.auth_permission (
    id integer NOT NULL,
    name character varying(255) NOT NULL,
    content_type_id integer NOT NULL,
    codename character varying(100) NOT NULL
);


ALTER TABLE public.auth_permission OWNER TO postgres;

--
-- Name: auth_permission_id_seq; Type: SEQUENCE; Schema: public; Owner: postgres
--

ALTER TABLE public.auth_permission ALTER COLUMN id ADD GENERATED BY DEFAULT AS IDENTITY (
    SEQUENCE NAME public.auth_permission_id_seq
    START WITH 1
    INCREMENT BY 1
    NO MINVALUE
    NO MAXVALUE
    CACHE 1
);


--
-- Name: auth_user; Type: TABLE; Schema: public; Owner: postgres
--

CREATE TABLE public.auth_user (
    id integer NOT NULL,
    password character varying(128) NOT NULL,
    last_login timestamp with time zone,
    is_superuser boolean NOT NULL,
    username character varying(150) NOT NULL,
    first_name character varying(150) NOT NULL,
    last_name character varying(150) NOT NULL,
    email character varying(254) NOT NULL,
    is_staff boolean NOT NULL,
    is_active boolean NOT NULL,
    date_joined timestamp with time zone NOT NULL
);


ALTER TABLE public.auth_user OWNER TO postgres;

--
-- Name: auth_user_groups; Type: TABLE; Schema: public; Owner: postgres
--

CREATE TABLE public.auth_user_groups (
    id bigint NOT NULL,
    user_id integer NOT NULL,
    group_id integer NOT NULL
);


ALTER TABLE public.auth_user_groups OWNER TO postgres;

--
-- Name: auth_user_groups_id_seq; Type: SEQUENCE; Schema: public; Owner: postgres
--

ALTER TABLE public.auth_user_groups ALTER COLUMN id ADD GENERATED BY DEFAULT AS IDENTITY (
    SEQUENCE NAME public.auth_user_groups_id_seq
    START WITH 1
    INCREMENT BY 1
    NO MINVALUE
    NO MAXVALUE
    CACHE 1
);


--
-- Name: auth_user_id_seq; Type: SEQUENCE; Schema: public; Owner: postgres
--

ALTER TABLE public.auth_user ALTER COLUMN id ADD GENERATED BY DEFAULT AS IDENTITY (
    SEQUENCE NAME public.auth_user_id_seq
    START WITH 1
    INCREMENT BY 1
    NO MINVALUE
    NO MAXVALUE
    CACHE 1
);


--
-- Name: auth_user_user_permissions; Type: TABLE; Schema: public; Owner: postgres
--

CREATE TABLE public.auth_user_user_permissions (
    id bigint NOT NULL,
    user_id integer NOT NULL,
    permission_id integer NOT NULL
);


ALTER TABLE public.auth_user_user_permissions OWNER TO postgres;

--
-- Name: auth_user_user_permissions_id_seq; Type: SEQUENCE; Schema: public; Owner: postgres
--

ALTER TABLE public.auth_user_user_permissions ALTER COLUMN id ADD GENERATED BY DEFAULT AS IDENTITY (
    SEQUENCE NAME public.auth_user_user_permissions_id_seq
    START WITH 1
    INCREMENT BY 1
    NO MINVALUE
    NO MAXVALUE
    CACHE 1
);


--
-- Name: body; Type: TABLE; Schema: public; Owner: postgres
--

CREATE TABLE public.body (
    id bigint NOT NULL,
    number character varying(50) NOT NULL,
    address character varying(50) NOT NULL
);


ALTER TABLE public.body OWNER TO postgres;

--
-- Name: body_deviceposition; Type: TABLE; Schema: public; Owner: postgres
--

CREATE TABLE public.body_deviceposition (
    id bigint NOT NULL,
    x integer NOT NULL,
    y integer NOT NULL,
    is_active boolean NOT NULL,
    package_device_id bigint NOT NULL,
    layout_id bigint NOT NULL,
    CONSTRAINT body_deviceposition_x_check CHECK ((x >= 0)),
    CONSTRAINT body_deviceposition_y_check CHECK ((y >= 0))
);


ALTER TABLE public.body_deviceposition OWNER TO postgres;

--
-- Name: body_deviceposition_id_seq; Type: SEQUENCE; Schema: public; Owner: postgres
--

ALTER TABLE public.body_deviceposition ALTER COLUMN id ADD GENERATED BY DEFAULT AS IDENTITY (
    SEQUENCE NAME public.body_deviceposition_id_seq
    START WITH 1
    INCREMENT BY 1
    NO MINVALUE
    NO MAXVALUE
    CACHE 1
);


--
-- Name: body_id_seq; Type: SEQUENCE; Schema: public; Owner: postgres
--

ALTER TABLE public.body ALTER COLUMN id ADD GENERATED BY DEFAULT AS IDENTITY (
    SEQUENCE NAME public.body_id_seq
    START WITH 1
    INCREMENT BY 1
    NO MINVALUE
    NO MAXVALUE
    CACHE 1
);


--
-- Name: body_officelayout; Type: TABLE; Schema: public; Owner: postgres
--

CREATE TABLE public.body_officelayout (
    id bigint NOT NULL,
    name character varying(255) NOT NULL,
    width integer NOT NULL,
    height integer NOT NULL,
    created_at timestamp with time zone NOT NULL,
    office_id bigint NOT NULL,
    CONSTRAINT body_officelayout_height_check CHECK ((height >= 0)),
    CONSTRAINT body_officelayout_width_check CHECK ((width >= 0))
);


ALTER TABLE public.body_officelayout OWNER TO postgres;

--
-- Name: body_officelayout_id_seq; Type: SEQUENCE; Schema: public; Owner: postgres
--

ALTER TABLE public.body_officelayout ALTER COLUMN id ADD GENERATED BY DEFAULT AS IDENTITY (
    SEQUENCE NAME public.body_officelayout_id_seq
    START WITH 1
    INCREMENT BY 1
    NO MINVALUE
    NO MAXVALUE
    CACHE 1
);


--
-- Name: body_telegramuser; Type: TABLE; Schema: public; Owner: postgres
--

CREATE TABLE public.body_telegramuser (
    id bigint NOT NULL,
    chat_id character varying(50) NOT NULL,
    username character varying(150),
    created_at timestamp with time zone NOT NULL
);


ALTER TABLE public.body_telegramuser OWNER TO postgres;

--
-- Name: body_telegramuser_id_seq; Type: SEQUENCE; Schema: public; Owner: postgres
--

ALTER TABLE public.body_telegramuser ALTER COLUMN id ADD GENERATED BY DEFAULT AS IDENTITY (
    SEQUENCE NAME public.body_telegramuser_id_seq
    START WITH 1
    INCREMENT BY 1
    NO MINVALUE
    NO MAXVALUE
    CACHE 1
);


--
-- Name: breakdown_types; Type: TABLE; Schema: public; Owner: postgres
--

CREATE TABLE public.breakdown_types (
    id bigint NOT NULL,
    name character varying(255) NOT NULL
);


ALTER TABLE public.breakdown_types OWNER TO postgres;

--
-- Name: breakdown_types_id_seq; Type: SEQUENCE; Schema: public; Owner: postgres
--

ALTER TABLE public.breakdown_types ALTER COLUMN id ADD GENERATED BY DEFAULT AS IDENTITY (
    SEQUENCE NAME public.breakdown_types_id_seq
    START WITH 1
    INCREMENT BY 1
    NO MINVALUE
    NO MAXVALUE
    CACHE 1
);


--
-- Name: chat; Type: TABLE; Schema: public; Owner: postgres
--

CREATE TABLE public.chat (
    id bigint NOT NULL,
    name character varying(255) NOT NULL
);


ALTER TABLE public.chat OWNER TO postgres;

--
-- Name: chat_id_seq; Type: SEQUENCE; Schema: public; Owner: postgres
--

ALTER TABLE public.chat ALTER COLUMN id ADD GENERATED BY DEFAULT AS IDENTITY (
    SEQUENCE NAME public.chat_id_seq
    START WITH 1
    INCREMENT BY 1
    NO MINVALUE
    NO MAXVALUE
    CACHE 1
);


--
-- Name: devices; Type: TABLE; Schema: public; Owner: postgres
--

CREATE TABLE public.devices (
    id bigint NOT NULL,
    serial_number character varying(100) NOT NULL,
    type_id bigint NOT NULL,
    package_id bigint NOT NULL,
    condition_id bigint NOT NULL
);


ALTER TABLE public.devices OWNER TO postgres;

--
-- Name: devices_id_seq; Type: SEQUENCE; Schema: public; Owner: postgres
--

ALTER TABLE public.devices ALTER COLUMN id ADD GENERATED BY DEFAULT AS IDENTITY (
    SEQUENCE NAME public.devices_id_seq
    START WITH 1
    INCREMENT BY 1
    NO MINVALUE
    NO MAXVALUE
    CACHE 1
);


--
-- Name: django_admin_log; Type: TABLE; Schema: public; Owner: postgres
--

CREATE TABLE public.django_admin_log (
    id integer NOT NULL,
    action_time timestamp with time zone NOT NULL,
    object_id text,
    object_repr character varying(200) NOT NULL,
    action_flag smallint NOT NULL,
    change_message text NOT NULL,
    content_type_id integer,
    user_id integer NOT NULL,
    CONSTRAINT django_admin_log_action_flag_check CHECK ((action_flag >= 0))
);


ALTER TABLE public.django_admin_log OWNER TO postgres;

--
-- Name: django_admin_log_id_seq; Type: SEQUENCE; Schema: public; Owner: postgres
--

ALTER TABLE public.django_admin_log ALTER COLUMN id ADD GENERATED BY DEFAULT AS IDENTITY (
    SEQUENCE NAME public.django_admin_log_id_seq
    START WITH 1
    INCREMENT BY 1
    NO MINVALUE
    NO MAXVALUE
    CACHE 1
);


--
-- Name: django_content_type; Type: TABLE; Schema: public; Owner: postgres
--

CREATE TABLE public.django_content_type (
    id integer NOT NULL,
    app_label character varying(100) NOT NULL,
    model character varying(100) NOT NULL
);


ALTER TABLE public.django_content_type OWNER TO postgres;

--
-- Name: django_content_type_id_seq; Type: SEQUENCE; Schema: public; Owner: postgres
--

ALTER TABLE public.django_content_type ALTER COLUMN id ADD GENERATED BY DEFAULT AS IDENTITY (
    SEQUENCE NAME public.django_content_type_id_seq
    START WITH 1
    INCREMENT BY 1
    NO MINVALUE
    NO MAXVALUE
    CACHE 1
);


--
-- Name: django_migrations; Type: TABLE; Schema: public; Owner: postgres
--

CREATE TABLE public.django_migrations (
    id bigint NOT NULL,
    app character varying(255) NOT NULL,
    name character varying(255) NOT NULL,
    applied timestamp with time zone NOT NULL
);


ALTER TABLE public.django_migrations OWNER TO postgres;

--
-- Name: django_migrations_id_seq; Type: SEQUENCE; Schema: public; Owner: postgres
--

ALTER TABLE public.django_migrations ALTER COLUMN id ADD GENERATED BY DEFAULT AS IDENTITY (
    SEQUENCE NAME public.django_migrations_id_seq
    START WITH 1
    INCREMENT BY 1
    NO MINVALUE
    NO MAXVALUE
    CACHE 1
);


--
-- Name: django_session; Type: TABLE; Schema: public; Owner: postgres
--

CREATE TABLE public.django_session (
    session_key character varying(40) NOT NULL,
    session_data text NOT NULL,
    expire_date timestamp with time zone NOT NULL
);


ALTER TABLE public.django_session OWNER TO postgres;

--
-- Name: floors; Type: TABLE; Schema: public; Owner: postgres
--

CREATE TABLE public.floors (
    id bigint NOT NULL,
    number integer NOT NULL,
    body_id bigint NOT NULL
);


ALTER TABLE public.floors OWNER TO postgres;

--
-- Name: floors_bodies; Type: TABLE; Schema: public; Owner: postgres
--

CREATE TABLE public.floors_bodies (
    id bigint NOT NULL,
    floor_id bigint NOT NULL,
    body_id bigint NOT NULL
);


ALTER TABLE public.floors_bodies OWNER TO postgres;

--
-- Name: floors_bodies_id_seq; Type: SEQUENCE; Schema: public; Owner: postgres
--

ALTER TABLE public.floors_bodies ALTER COLUMN id ADD GENERATED BY DEFAULT AS IDENTITY (
    SEQUENCE NAME public.floors_bodies_id_seq
    START WITH 1
    INCREMENT BY 1
    NO MINVALUE
    NO MAXVALUE
    CACHE 1
);


--
-- Name: floors_id_seq; Type: SEQUENCE; Schema: public; Owner: postgres
--

ALTER TABLE public.floors ALTER COLUMN id ADD GENERATED BY DEFAULT AS IDENTITY (
    SEQUENCE NAME public.floors_id_seq
    START WITH 1
    INCREMENT BY 1
    NO MINVALUE
    NO MAXVALUE
    CACHE 1
);


--
-- Name: messages; Type: TABLE; Schema: public; Owner: postgres
--

CREATE TABLE public.messages (
    id bigint NOT NULL,
    messenges text NOT NULL,
    "time" timestamp with time zone NOT NULL,
    chat_id bigint NOT NULL,
    person1_id integer NOT NULL
);


ALTER TABLE public.messages OWNER TO postgres;

--
-- Name: messages_id_seq; Type: SEQUENCE; Schema: public; Owner: postgres
--

ALTER TABLE public.messages ALTER COLUMN id ADD GENERATED BY DEFAULT AS IDENTITY (
    SEQUENCE NAME public.messages_id_seq
    START WITH 1
    INCREMENT BY 1
    NO MINVALUE
    NO MAXVALUE
    CACHE 1
);


--
-- Name: offices; Type: TABLE; Schema: public; Owner: postgres
--

CREATE TABLE public.offices (
    id bigint NOT NULL,
    number character varying(50) NOT NULL,
    body_id bigint NOT NULL,
    floor_id bigint NOT NULL
);


ALTER TABLE public.offices OWNER TO postgres;

--
-- Name: offices_id_seq; Type: SEQUENCE; Schema: public; Owner: postgres
--

ALTER TABLE public.offices ALTER COLUMN id ADD GENERATED BY DEFAULT AS IDENTITY (
    SEQUENCE NAME public.offices_id_seq
    START WITH 1
    INCREMENT BY 1
    NO MINVALUE
    NO MAXVALUE
    CACHE 1
);


--
-- Name: package_device; Type: TABLE; Schema: public; Owner: postgres
--

CREATE TABLE public.package_device (
    id bigint NOT NULL,
    number character varying(100) NOT NULL,
    office_id bigint NOT NULL
);


ALTER TABLE public.package_device OWNER TO postgres;

--
-- Name: package_device_id_seq; Type: SEQUENCE; Schema: public; Owner: postgres
--

ALTER TABLE public.package_device ALTER COLUMN id ADD GENERATED BY DEFAULT AS IDENTITY (
    SEQUENCE NAME public.package_device_id_seq
    START WITH 1
    INCREMENT BY 1
    NO MINVALUE
    NO MAXVALUE
    CACHE 1
);


--
-- Name: schedules; Type: TABLE; Schema: public; Owner: postgres
--

CREATE TABLE public.schedules (
    id bigint NOT NULL,
    name text NOT NULL,
    datetime_start timestamp with time zone NOT NULL,
    datetime_end timestamp with time zone NOT NULL,
    office_id bigint NOT NULL,
    user_id integer NOT NULL
);


ALTER TABLE public.schedules OWNER TO postgres;

--
-- Name: schedules_id_seq; Type: SEQUENCE; Schema: public; Owner: postgres
--

ALTER TABLE public.schedules ALTER COLUMN id ADD GENERATED BY DEFAULT AS IDENTITY (
    SEQUENCE NAME public.schedules_id_seq
    START WITH 1
    INCREMENT BY 1
    NO MINVALUE
    NO MAXVALUE
    CACHE 1
);


--
-- Name: statuses; Type: TABLE; Schema: public; Owner: postgres
--

CREATE TABLE public.statuses (
    id bigint NOT NULL,
    name character varying(100) NOT NULL
);


ALTER TABLE public.statuses OWNER TO postgres;

--
-- Name: statuses_id_seq; Type: SEQUENCE; Schema: public; Owner: postgres
--

ALTER TABLE public.statuses ALTER COLUMN id ADD GENERATED BY DEFAULT AS IDENTITY (
    SEQUENCE NAME public.statuses_id_seq
    START WITH 1
    INCREMENT BY 1
    NO MINVALUE
    NO MAXVALUE
    CACHE 1
);


--
-- Name: type_devices; Type: TABLE; Schema: public; Owner: postgres
--

CREATE TABLE public.type_devices (
    id bigint NOT NULL,
    name character varying(255) NOT NULL
);


ALTER TABLE public.type_devices OWNER TO postgres;

--
-- Name: type_devices_id_seq; Type: SEQUENCE; Schema: public; Owner: postgres
--

ALTER TABLE public.type_devices ALTER COLUMN id ADD GENERATED BY DEFAULT AS IDENTITY (
    SEQUENCE NAME public.type_devices_id_seq
    START WITH 1
    INCREMENT BY 1
    NO MINVALUE
    NO MAXVALUE
    CACHE 1
);


--
-- Data for Name: account_userprofile; Type: TABLE DATA; Schema: public; Owner: postgres
--

COPY public.account_userprofile (id, avatar, user_id) FROM stdin;
1	avatars/часы_TE575Y2.png	12
2	avatars/Q2GYFQfyOAU.jpg	13
3	avatars/ФОТОАФАНАСЬЕВОЙ.jpg	14
4	avatars/ФотоЯковлев.jpg	15
5	avatars/ФотоКозлова.jpg	16
6	avatars/250.png	23
7	avatars/75d725dad4a522d6428a47e91ddf3c28.jpg	24
\.


--
-- Data for Name: applications; Type: TABLE DATA; Schema: public; Owner: postgres
--

COPY public.applications (id, reason, data, user_id, device_id, office_id, status_id, breakdown_type_id) FROM stdin;
\.


--
-- Data for Name: auth_group; Type: TABLE DATA; Schema: public; Owner: postgres
--

COPY public.auth_group (id, name) FROM stdin;
1	admin
2	teacher
3	master
\.


--
-- Data for Name: auth_group_permissions; Type: TABLE DATA; Schema: public; Owner: postgres
--

COPY public.auth_group_permissions (id, group_id, permission_id) FROM stdin;
\.


--
-- Data for Name: auth_permission; Type: TABLE DATA; Schema: public; Owner: postgres
--

COPY public.auth_permission (id, name, content_type_id, codename) FROM stdin;
1	Can add log entry	1	add_logentry
2	Can change log entry	1	change_logentry
3	Can delete log entry	1	delete_logentry
4	Can view log entry	1	view_logentry
5	Can add permission	2	add_permission
6	Can change permission	2	change_permission
7	Can delete permission	2	delete_permission
8	Can view permission	2	view_permission
9	Can add group	3	add_group
10	Can change group	3	change_group
11	Can delete group	3	delete_group
12	Can view group	3	view_group
13	Can add user	4	add_user
14	Can change user	4	change_user
15	Can delete user	4	delete_user
16	Can view user	4	view_user
17	Can add content type	5	add_contenttype
18	Can change content type	5	change_contenttype
19	Can delete content type	5	delete_contenttype
20	Can view content type	5	view_contenttype
21	Can add session	6	add_session
22	Can change session	6	change_session
23	Can delete session	6	delete_session
24	Can view session	6	view_session
25	Can add type device	7	add_typedevice
26	Can change type device	7	change_typedevice
27	Can delete type device	7	delete_typedevice
28	Can view type device	7	view_typedevice
29	Can add body	8	add_body
30	Can change body	8	change_body
31	Can delete body	8	delete_body
32	Can view body	8	view_body
33	Can add status	9	add_status
34	Can change status	9	change_status
35	Can delete status	9	delete_status
36	Can view status	9	view_status
37	Can add floor	10	add_floor
38	Can change floor	10	change_floor
39	Can delete floor	10	delete_floor
40	Can view floor	10	view_floor
41	Can add office	11	add_office
42	Can change office	11	change_office
43	Can delete office	11	delete_office
44	Can view office	11	view_office
45	Can add package device	12	add_packagedevice
46	Can change package device	12	change_packagedevice
47	Can delete package device	12	delete_packagedevice
48	Can view package device	12	view_packagedevice
49	Can add device	13	add_device
50	Can change device	13	change_device
51	Can delete device	13	delete_device
52	Can view device	13	view_device
53	Can add application	14	add_application
54	Can change application	14	change_application
55	Can delete application	14	delete_application
56	Can view application	14	view_application
57	Can add chat	15	add_chat
58	Can change chat	15	change_chat
59	Can delete chat	15	delete_chat
60	Can view chat	15	view_chat
61	Can add user	16	add_user
62	Can change user	16	change_user
63	Can delete user	16	delete_user
64	Can view user	16	view_user
65	Can add message	17	add_message
66	Can change message	17	change_message
67	Can delete message	17	delete_message
68	Can view message	17	view_message
69	Can add schedule	18	add_schedule
70	Can change schedule	18	change_schedule
71	Can delete schedule	18	delete_schedule
72	Can view schedule	18	view_schedule
73	Can add breakdown type	19	add_breakdowntype
74	Can change breakdown type	19	change_breakdowntype
75	Can delete breakdown type	19	delete_breakdowntype
76	Can view breakdown type	19	view_breakdowntype
77	Can add office layout	20	add_officelayout
78	Can change office layout	20	change_officelayout
79	Can delete office layout	20	delete_officelayout
80	Can view office layout	20	view_officelayout
81	Can add device position	21	add_deviceposition
82	Can change device position	21	change_deviceposition
83	Can delete device position	21	delete_deviceposition
84	Can view device position	21	view_deviceposition
85	Can add profile	22	add_profile
86	Can change profile	22	change_profile
87	Can delete profile	22	delete_profile
88	Can view profile	22	view_profile
89	Can add user profile	23	add_userprofile
90	Can change user profile	23	change_userprofile
91	Can delete user profile	23	delete_userprofile
92	Can view user profile	23	view_userprofile
93	Can add telegram user	24	add_telegramuser
94	Can change telegram user	24	change_telegramuser
95	Can delete telegram user	24	delete_telegramuser
96	Can view telegram user	24	view_telegramuser
\.


--
-- Data for Name: auth_user; Type: TABLE DATA; Schema: public; Owner: postgres
--

COPY public.auth_user (id, password, last_login, is_superuser, username, first_name, last_name, email, is_staff, is_active, date_joined) FROM stdin;
15	pbkdf2_sha256$870000$YBRzes2nkznkrL2kWju9PD$IFroXdT8E63ptp+DrsVH3GCyGy+0PNAAB28tkW3cFEo=	2025-05-20 10:49:30.823127+03	f	Yakovlev	А.В.	Яковлев	yakovlev@gmail.com	f	t	2025-05-13 11:57:46.793477+03
23	pbkdf2_sha256$870000$jl0DaWET3jw6Zn2Iwi2ngK$f5aGEmj0G299ctEinW/Q6Btfvi2sdZrXJLZDP/Vr3o4=	2025-05-26 13:41:30.882123+03	f	asdasdsssssssss	Н.А.	Афанасьева	heethlightsh.cl.t.e.2.108@gmail.com	f	t	2025-05-26 13:41:14.837176+03
2	pbkdf2_sha256$870000$gfsWmRplO7GyABHLAi1PPy$AM9n69xBAGqgiBMVcCqG/COXLbGbarp32df697DTvzk=	2025-01-29 11:22:48.762887+03	t	root				t	t	2025-01-29 11:22:38.58139+03
9	pbkdf2_sha256$870000$0uo9Idx1AxHfVQqSNGlANf$E7Qx0h2jY/lob0jUt7ow3NVwr4jUYSqScRNUB88ETEU=	2025-05-13 13:09:27.609057+03	f	Bahis	А.Ы.	Бащмаков	dmitry.mikhailov@yandex.ru	f	t	2025-05-05 23:18:42+03
24	pbkdf2_sha256$870000$zf1YSE9gVggNIeBv3SLiNF$0ao27lZWxA7wFaCgD4TrPx51+3oy4tVf9oefzqNup2k=	\N	f	dasssssssssssssssssssssssssss	asds	asdasd	selbywiesemanni.yu.b.v9.605@gmail.com	f	f	2025-05-26 13:45:49.051557+03
4	pbkdf2_sha256$870000$GzVWcbZ6901sbuICe8gp6r$gEcgw3Ve0imhAy/+wd7T6x9SBE9489ObEdvfC+Cz0os=	\N	f	somebody				f	t	2025-01-29 12:56:00.211675+03
5	pbkdf2_sha256$870000$RzX3nDcC3aMRita3PuJM1A$1y31ZOzwF7L4o1T/Ykzg9lGXRBSAOb3nm/GWzUoBBm8=	\N	f	test_user				f	t	2025-01-29 12:56:22.156322+03
16	pbkdf2_sha256$870000$LGo8VYFsfnphlh9mR8Sudj$K80janpHKGnRDGlDqgaQ1Tta11cCqJ4IOAy9CNBHT6g=	2025-05-20 23:53:10.066194+03	f	Kozlova	И.Р.	Козлова	kozl@gmail.com	f	t	2025-05-13 12:22:01+03
17	pbkdf2_sha256$870000$cRtlNDpLqIOviNzo2P9PU8$a6wlpJB7JtdTa+7tsOCc7di48fXSsKjSI2MlfURBrRA=	\N	f	affsdasdas	А.В.d	Яковлев	yakovlev@gmail.com	f	f	2025-05-26 13:28:05.322857+03
10	pbkdf2_sha256$870000$NPPsDIDIU3NaxZqlx98Txm$E4xc5Bj73WXtFl7EBIFpa1ffViWxeYxY12goJE45Z08=	\N	f	tetteter	ere	ererere	dmitry.mikhailov@yandex.ru	f	t	2025-05-06 22:47:39.138225+03
11	pbkdf2_sha256$870000$nxmafS1QcE6BpQhvIWSnH1$JV5aAgfcdJu3trbdKA+svNC/tIItOx0ujd3+KT7vZwc=	\N	f	vsdvdsfdsf	sd	sd	dmitry.mikhailov@yandex.ru	f	t	2025-05-06 22:48:08.091009+03
12	pbkdf2_sha256$870000$TXJuEp17kf4VseEp7WTQfL$y0T4PhJWoa1FpcdJqAwrWGj9fCuE37rql/y25RsKxo4=	2025-05-13 14:12:21.208083+03	f	adasdasd	ad	sd	dmitry.mikhailov@yandex.ru	f	t	2025-05-06 22:49:18+03
18	pbkdf2_sha256$870000$EuF7fXbN2T2PwTWZVMrMv5$1Sj5IoAyCMBdzJdtTdksHVQkfzceKDqtlMrAO+Jt/9w=	2025-05-26 13:29:19.320299+03	f	qweqweqweqwe	zxczxc	zcxzxc	roqem3c@psnator.com	f	t	2025-05-26 13:28:48.014091+03
19	pbkdf2_sha256$870000$LGmqIKAuEjqjVhI1Kcd60i$Z7cwvEECLcESzHUI0qjDrufW1TL+O1vTogd0sYVEPR4=	2025-05-26 13:30:27.096429+03	f	dasdasdadas	А.В.	Яковлев	ch.e.s.ra.eb.lissar@googlemail.com	f	t	2025-05-26 13:30:08.193681+03
20	pbkdf2_sha256$870000$774Btom3c7lCuSbaiYteqQ$lRb1eTrQyPcEUGU3f9pKJq/LlkPFMrFTyDHnlslaNik=	\N	f	qeweqew	А.В.d	Яковлев	rhtwt@smartnator.com	f	f	2025-05-26 13:31:05.88833+03
13	pbkdf2_sha256$870000$sUIuuHda1Uhh58L0vjqvOZ$jib+CqOzFQ5pMFzpnMVKLRMsNt+U56VdZwTjxk12JHM=	2025-05-07 13:08:49.036316+03	f	zxczczxczc	zxczxc	zcxzxc	afanasieva@gmail.com	f	t	2025-05-06 23:04:37.710487+03
21	pbkdf2_sha256$870000$PBSrTPeBcE982BSv3IYiVn$4e9odlrxpSL2SfnIXGRBrZniqumBaOFvZGmD4agBHII=	\N	f	asdasdasdasdasdasd	А.В.	Яковлев	realpalomakoch@gmail.com	f	f	2025-05-26 13:33:01.903137+03
22	pbkdf2_sha256$870000$fbxfTVSde5N5aga01knIgn$kPWtOWc+hNRsPQhyJXI2XT1T/R9Fqmm1pjCCxo4vZ94=	2025-05-26 13:36:31.609937+03	f	zzzzzzzzzzxxxxxxxxxxx	zxczxc	zcxzxc	hryniewichchaviano.ddwd2.3.7.3@gmail.com	f	t	2025-05-26 13:36:12.885166+03
3	pbkdf2_sha256$870000$4i5CqSbmFAfb2zdTYsqfkn$waeCxJZxEd8vO0GXjYIRMd4ju2Ukw6bo2udllnZ/UvA=	2025-05-13 11:54:06.879695+03	f	teacher1				f	t	2025-01-29 12:55:34.47905+03
8	pbkdf2_sha256$870000$IFTIqZRE5tbVmLg7OaAxto$F/VuKrMfpMOx+E5k2pBX9t2Yy6ywhcQ/AXm0jLtZ/PU=	\N	f	basho	А.В	Бащмаков	dmitry.mikhailov@yandex.ru	f	t	2025-05-05 23:17:02.529352+03
14	pbkdf2_sha256$870000$CYz5U1NwPeCNi9TJ9EbivK$rgCLeW93fRPJ4nvRd5geblWXg106qrfY0kY/y0v6jMo=	2025-06-13 11:03:03.931977+03	f	Afanasieva	Н.А.	Афанасьева	afanasieva@gmail.com	f	t	2025-05-13 11:55:34+03
7	pbkdf2_sha256$870000$boOCPZd1Dh2JnFv7Cdwln9$6FzlJ2P8owoVv2+qb5x/Xg7S0dIiyBSWy3jL6OiUkns=	2025-05-20 10:48:41.842086+03	f	azarenko	Н.Ю.	Азаренко	asdasd@adsd.sa	f	t	2025-04-28 11:38:14+03
1	pbkdf2_sha256$870000$2vXgSsCXzj9qtoVWlSy9kw$r7HkX9VFdxgm9pVr4UphWY+24OmDsi2tfLrHYIFSnCU=	2025-06-16 21:50:41.579077+03	t	admin				t	t	2025-01-29 10:53:38+03
6	pbkdf2_sha256$870000$GjcMh72v7OmApbVals0HOv$TDZF+MJjp5ZZPvt/bYcFDm3mFjm9Z/XJv6hBBOsBGnk=	2025-05-20 10:49:21.308189+03	f	test	Н.А.	Афанасьева	afanasieva@gmail.com	f	t	2025-04-07 11:59:09.681612+03
\.


--
-- Data for Name: auth_user_groups; Type: TABLE DATA; Schema: public; Owner: postgres
--

COPY public.auth_user_groups (id, user_id, group_id) FROM stdin;
1	1	1
2	7	2
3	9	3
5	13	2
7	15	2
9	12	3
10	14	3
11	16	3
12	17	2
13	18	2
14	19	2
15	20	2
16	21	2
17	22	2
18	23	2
19	24	2
\.


--
-- Data for Name: auth_user_user_permissions; Type: TABLE DATA; Schema: public; Owner: postgres
--

COPY public.auth_user_user_permissions (id, user_id, permission_id) FROM stdin;
\.


--
-- Data for Name: body; Type: TABLE DATA; Schema: public; Owner: postgres
--

COPY public.body (id, number, address) FROM stdin;
1	1	проспект Станке Димитрова,3
2	2	Проспект Ленина, 26а
\.


--
-- Data for Name: body_deviceposition; Type: TABLE DATA; Schema: public; Owner: postgres
--

COPY public.body_deviceposition (id, x, y, is_active, package_device_id, layout_id) FROM stdin;
106	1	5	t	288	8
107	1	4	t	290	8
47	3	4	t	227	5
48	0	1	t	228	5
50	2	1	t	230	5
51	3	1	t	231	5
52	0	2	t	232	5
53	1	2	t	233	5
55	3	2	t	235	5
108	1	3	t	291	8
57	1	3	t	237	5
58	2	3	t	238	5
109	1	2	t	292	8
61	1	0	t	241	5
62	2	0	t	242	5
60	3	0	t	240	5
56	0	3	t	236	5
64	3	1	t	260	6
65	0	1	t	259	6
66	1	1	t	258	6
67	2	1	t	257	6
68	3	2	t	256	6
69	0	2	t	255	6
70	1	2	t	253	6
71	2	2	t	252	6
72	3	3	t	251	6
73	0	3	t	250	6
74	1	3	t	249	6
75	2	3	t	248	6
76	3	0	t	247	6
77	1	0	t	246	6
78	2	0	t	245	6
79	0	0	t	244	6
80	0	4	t	261	6
81	0	0	t	279	7
49	1	1	t	229	5
54	2	2	t	234	5
59	3	3	t	239	5
110	1	1	t	293	8
112	2	5	t	295	8
113	2	4	t	296	8
63	0	0	t	243	5
114	2	3	t	297	8
115	2	2	t	298	8
82	0	1	t	278	7
83	0	2	t	277	7
84	0	3	t	276	7
85	3	0	t	275	7
86	3	1	t	274	7
87	3	2	t	273	7
88	3	3	t	272	7
89	3	4	t	271	7
90	4	0	t	270	7
91	4	1	t	269	7
92	4	2	t	268	7
93	4	3	t	267	7
94	6	0	t	266	7
95	6	1	t	265	7
96	6	2	t	264	7
97	6	3	t	263	7
116	2	1	t	299	8
127	6	5	t	310	8
128	0	0	t	311	9
129	0	1	t	312	9
130	0	2	t	313	9
131	0	3	t	314	9
132	1	0	t	315	9
133	1	1	t	316	9
134	1	2	t	317	9
135	1	3	t	318	9
99	0	6	t	281	8
100	0	5	t	282	8
101	0	4	t	283	8
102	0	3	t	284	8
103	0	2	t	285	8
104	0	1	t	286	8
136	2	0	t	319	9
137	2	1	t	320	9
138	2	2	t	321	9
139	2	3	t	322	9
140	3	0	t	323	9
141	3	1	t	324	9
142	3	2	t	325	9
143	3	3	t	326	9
146	1	0	t	331	10
144	3	4	t	327	9
147	2	0	t	332	10
148	3	0	t	333	10
149	0	1	t	334	10
151	2	1	t	336	10
98	1	7	t	280	8
105	1	6	t	287	8
118	3	6	t	301	8
119	3	5	t	302	8
120	3	4	t	303	8
121	3	3	t	304	8
122	3	2	t	305	8
123	3	1	t	306	8
111	2	6	t	294	8
117	0	0	t	300	8
124	6	2	t	307	8
125	6	3	t	308	8
126	6	4	t	309	8
145	0	0	t	330	10
150	1	1	t	335	10
155	2	2	t	340	10
152	3	1	t	337	10
160	3	3	t	345	10
153	0	2	t	338	10
154	1	2	t	339	10
156	3	2	t	341	10
157	0	3	t	342	10
158	1	3	t	343	10
159	2	3	t	344	10
161	3	4	t	346	10
162	2	4	t	347	10
163	1	4	t	348	10
164	0	4	t	349	10
165	0	5	t	350	10
\.


--
-- Data for Name: body_officelayout; Type: TABLE DATA; Schema: public; Owner: postgres
--

COPY public.body_officelayout (id, name, width, height, created_at, office_id) FROM stdin;
5	228	5	4	2025-06-16 19:50:33.087075+03	33
6	218	5	4	2025-06-16 20:16:43.293843+03	35
7	227	5	7	2025-06-16 20:43:37.635649+03	34
8	257	7	6	2025-06-16 21:19:49.356153+03	30
9	481	4	5	2025-06-16 22:34:11.080663+03	32
10	482	4	5	2025-06-16 22:43:27.097068+03	31
\.


--
-- Data for Name: body_telegramuser; Type: TABLE DATA; Schema: public; Owner: postgres
--

COPY public.body_telegramuser (id, chat_id, username, created_at) FROM stdin;
1	962427219	kaleria_32	2025-06-13 11:04:02.745639+03
\.


--
-- Data for Name: breakdown_types; Type: TABLE DATA; Schema: public; Owner: postgres
--

COPY public.breakdown_types (id, name) FROM stdin;
1	Программный тип
3	Механический тип
4	Программное обеспечение
\.


--
-- Data for Name: chat; Type: TABLE DATA; Schema: public; Owner: postgres
--

COPY public.chat (id, name) FROM stdin;
1	Тестовый чат
2	Чат2
\.


--
-- Data for Name: devices; Type: TABLE DATA; Schema: public; Owner: postgres
--

COPY public.devices (id, serial_number, type_id, package_id, condition_id) FROM stdin;
159	-	2	227	2
160	-	1	227	2
163	-	2	228	2
164	-	1	228	2
167	-	2	229	2
168	-	1	229	2
171	-	2	230	2
172	-	1	230	2
175	-	2	231	2
176	-	1	231	2
179	-	2	232	2
180	-	1	232	2
183	-	2	233	2
184	-	1	233	2
187	-	2	234	2
188	-	1	234	2
191	-	2	235	2
192	-	1	235	2
195	-	2	236	2
196	-	1	236	2
199	-	2	237	2
200	-	1	237	2
203	-	2	238	2
204	-	1	238	2
207	-	2	239	2
208	-	1	239	2
211	-	2	240	2
212	-	1	240	2
215	-	2	241	2
216	-	1	241	2
219	-	2	242	2
220	-	1	242	2
223	-	2	243	2
224	-	1	243	2
157	-	9	227	2
158	-	8	227	2
225	-	7	227	2
161	-	9	228	2
165	-	9	229	2
169	-	9	230	2
173	-	9	231	2
177	-	9	232	2
181	-	9	233	2
185	-	9	234	2
189	-	9	235	2
193	-	9	236	2
197	-	9	237	2
201	-	9	238	2
205	-	9	239	2
209	-	9	240	2
213	-	9	241	2
217	-	9	242	2
221	-	9	243	2
228	-	2	244	2
229	-	1	244	2
232	-	2	245	2
233	-	1	245	2
236	-	2	246	2
237	-	1	246	2
240	-	2	247	2
241	-	1	247	2
244	-	2	248	2
245	-	1	248	2
248	-	2	249	2
249	-	1	249	2
252	-	2	250	2
253	-	1	250	2
256	-	2	251	2
257	-	1	251	2
258	-	9	252	2
254	-	9	251	2
250	-	9	250	2
246	-	9	249	2
242	-	9	248	2
238	-	9	247	2
234	-	9	246	2
230	-	9	245	2
226	-	9	244	2
260	-	2	252	2
261	-	1	252	2
264	-	2	253	2
265	-	1	253	2
268	-	2	254	2
269	-	1	254	2
272	-	2	255	2
273	-	1	255	2
276	-	2	256	2
277	-	1	256	2
280	-	2	257	2
281	-	1	257	2
284	-	2	258	2
285	-	1	258	2
288	-	2	259	2
289	-	1	259	2
292	-	2	260	2
293	-	1	260	2
294	-	6	261	2
295	-	5	261	2
296	-	2	261	2
297	-	1	261	2
290	-	9	260	2
286	-	9	259	2
282	-	9	258	2
278	-	9	257	2
274	-	9	256	2
270	-	9	255	2
262	-	9	253	2
266	-	9	254	2
298	-	6	262	2
299	-	5	262	2
300	-	2	262	2
301	-	1	262	2
302	-	6	263	2
303	-	5	263	2
304	-	2	263	2
305	-	1	263	2
306	-	6	264	2
307	-	5	264	2
308	-	2	264	2
309	-	1	264	2
310	-	6	265	2
311	-	5	265	2
312	-	2	265	2
313	-	1	265	2
314	-	6	266	2
315	-	5	266	2
316	-	2	266	2
317	-	1	266	2
318	-	6	267	2
319	-	5	267	2
320	-	2	267	2
321	-	1	267	2
322	-	6	268	2
323	-	5	268	2
324	-	2	268	2
325	-	1	268	2
326	-	6	269	2
327	-	5	269	2
328	-	2	269	2
329	-	1	269	2
330	-	6	270	2
331	-	5	270	2
332	-	2	270	2
333	-	1	270	2
334	-	6	271	2
335	-	5	271	2
336	-	2	271	2
337	-	1	271	2
338	-	6	272	2
339	-	5	272	2
340	-	2	272	2
341	-	1	272	2
342	-	6	273	2
343	-	5	273	2
344	-	2	273	2
345	-	1	273	2
346	-	6	274	2
347	-	5	274	2
348	-	2	274	2
349	-	1	274	2
350	-	6	275	2
351	-	5	275	2
352	-	2	275	2
353	-	1	275	2
354	-	6	276	2
355	-	5	276	2
356	-	2	276	2
357	-	1	276	2
358	-	6	277	2
359	-	5	277	2
360	-	2	277	2
361	-	1	277	2
362	-	6	278	2
363	-	5	278	2
364	-	2	278	2
365	-	1	278	2
366	-	6	279	2
367	-	5	279	2
368	-	2	279	2
369	-	1	279	2
370	-	8	271	2
371	-	6	280	2
372	-	5	280	2
373	-	2	280	2
374	-	1	280	2
375	-	6	281	2
376	-	5	281	2
377	-	2	281	2
378	-	1	281	2
379	-	6	282	2
380	-	5	282	2
381	-	2	282	2
382	-	1	282	2
383	-	6	283	2
384	-	5	283	2
385	-	2	283	2
386	-	1	283	2
387	-	6	284	2
388	-	5	284	2
389	-	2	284	2
390	-	1	284	2
391	-	6	285	2
392	-	5	285	2
393	-	2	285	2
394	-	1	285	2
395	-	6	286	2
396	-	5	286	2
397	-	2	286	2
398	-	1	286	2
399	-	6	287	2
400	-	5	287	2
401	-	2	287	2
402	-	1	287	2
403	-	6	288	2
404	-	5	288	2
405	-	2	288	2
406	-	1	288	2
407	-	6	289	2
408	-	5	289	2
409	-	2	289	2
410	-	1	289	2
411	-	6	290	2
412	-	5	290	2
413	-	2	290	2
414	-	1	290	2
415	-	6	291	2
416	-	5	291	2
417	-	2	291	2
418	-	1	291	2
419	-	6	292	2
420	-	5	292	2
421	-	2	292	2
422	-	1	292	2
423	-	6	293	2
424	-	5	293	2
425	-	2	293	2
426	-	1	293	2
427	-	6	294	2
428	-	5	294	2
429	-	2	294	2
430	-	1	294	2
431	-	6	295	2
432	-	5	295	2
433	-	2	295	2
434	-	1	295	2
435	-	6	296	2
436	-	5	296	2
437	-	2	296	2
438	-	1	296	2
439	-	6	297	2
440	-	5	297	2
441	-	2	297	2
442	-	1	297	2
443	-	6	298	2
444	-	5	298	2
445	-	2	298	2
446	-	1	298	2
447	-	6	299	2
448	-	5	299	2
449	-	2	299	2
450	-	1	299	2
451	-	6	300	2
452	-	5	300	2
453	-	2	300	2
454	-	1	300	2
455	-	6	301	2
456	-	5	301	2
457	-	2	301	2
458	-	1	301	2
459	-	6	302	2
460	-	5	302	2
461	-	2	302	2
462	-	1	302	2
463	-	6	303	2
464	-	5	303	2
465	-	2	303	2
466	-	1	303	2
467	-	6	304	2
468	-	5	304	2
469	-	2	304	2
470	-	1	304	2
471	-	6	305	2
472	-	5	305	2
473	-	2	305	2
474	-	1	305	2
475	-	6	306	2
476	-	5	306	2
477	-	2	306	2
478	-	1	306	2
479	-	6	307	2
480	-	5	307	2
481	-	2	307	2
482	-	1	307	2
483	-	6	308	2
484	-	5	308	2
485	-	2	308	2
486	-	1	308	2
487	-	6	309	2
488	-	5	309	2
489	-	2	309	2
490	-	1	309	2
491	-	6	310	2
492	-	5	310	2
493	-	2	310	2
494	-	1	310	2
495	-	7	280	2
496	-	8	280	2
497	-	6	311	2
498	-	5	311	2
499	-	2	311	2
500	-	1	311	2
501	-	6	312	2
502	-	5	312	2
503	-	2	312	2
504	-	1	312	2
505	-	6	313	2
506	-	5	313	2
507	-	2	313	2
508	-	1	313	2
509	-	6	314	2
510	-	5	314	2
511	-	2	314	2
512	-	1	314	2
513	-	6	315	2
514	-	5	315	2
515	-	2	315	2
516	-	1	315	2
517	-	6	316	2
518	-	5	316	2
519	-	2	316	2
520	-	1	316	2
521	-	6	317	2
522	-	5	317	2
523	-	2	317	2
524	-	1	317	2
525	-	6	318	2
526	-	5	318	2
527	-	2	318	2
528	-	1	318	2
529	-	6	319	2
530	-	5	319	2
531	-	2	319	2
532	-	1	319	2
533	-	6	320	2
534	-	5	320	2
535	-	2	320	2
536	-	1	320	2
537	-	6	321	2
538	-	5	321	2
539	-	2	321	2
540	-	1	321	2
541	-	6	322	2
542	-	5	322	2
543	-	2	322	2
544	-	1	322	2
545	-	6	323	2
546	-	5	323	2
547	-	2	323	2
548	-	1	323	2
549	-	6	324	2
550	-	5	324	2
551	-	2	324	2
552	-	1	324	2
553	-	6	325	2
554	-	5	325	2
555	-	2	325	2
556	-	1	325	2
557	-	6	326	2
558	-	5	326	2
559	-	2	326	2
560	-	1	326	2
561	-	6	327	2
562	-	5	327	2
563	-	2	327	2
564	-	1	327	2
565	-	6	328	2
566	-	5	328	2
567	-	2	328	2
568	-	1	328	2
569	-	6	329	2
570	-	5	329	2
571	-	2	329	2
572	-	1	329	2
573	-	8	327	2
574	-	6	330	2
575	-	5	330	2
576	-	2	330	2
577	-	1	330	2
578	-	6	331	2
579	-	5	331	2
580	-	2	331	2
581	-	1	331	2
582	-	6	332	2
583	-	5	332	2
584	-	2	332	2
585	-	1	332	2
586	-	6	333	2
587	-	5	333	2
588	-	2	333	2
589	-	1	333	2
590	-	6	334	2
591	-	5	334	2
592	-	2	334	2
593	-	1	334	2
594	-	6	335	2
595	-	5	335	2
596	-	2	335	2
597	-	1	335	2
598	-	6	336	2
599	-	5	336	2
600	-	2	336	2
601	-	1	336	2
602	-	6	337	2
603	-	5	337	2
604	-	2	337	2
605	-	1	337	2
606	-	6	338	2
607	-	5	338	2
608	-	2	338	2
609	-	1	338	2
610	-	6	339	2
611	-	5	339	2
612	-	2	339	2
613	-	1	339	2
614	-	6	340	2
615	-	5	340	2
616	-	2	340	2
617	-	1	340	2
618	-	6	341	2
619	-	5	341	2
620	-	2	341	2
621	-	1	341	2
622	-	6	342	2
623	-	5	342	2
624	-	2	342	2
625	-	1	342	2
626	-	6	343	2
627	-	5	343	2
628	-	2	343	2
629	-	1	343	2
630	-	6	344	2
631	-	5	344	2
632	-	2	344	2
633	-	1	344	2
634	-	6	345	2
635	-	5	345	2
636	-	2	345	2
637	-	1	345	2
638	-	6	346	2
639	-	5	346	2
640	-	2	346	2
641	-	1	346	2
642	-	6	347	2
643	-	5	347	2
644	-	2	347	2
645	-	1	347	2
646	-	6	348	2
647	-	5	348	2
648	-	2	348	2
649	-	1	348	2
650	-	6	349	2
651	-	5	349	2
652	-	2	349	2
653	-	1	349	2
654	-	6	350	2
655	-	5	350	2
656	-	2	350	2
657	-	1	350	2
658	-	8	350	2
\.


--
-- Data for Name: django_admin_log; Type: TABLE DATA; Schema: public; Owner: postgres
--

COPY public.django_admin_log (id, action_time, object_id, object_repr, action_flag, change_message, content_type_id, user_id) FROM stdin;
1	2025-01-29 10:54:14.630822+03	1	Мышка	1	[{"added": {}}]	7	1
2	2025-01-29 10:54:46.20183+03	1	1	1	[{"added": {}}]	8	1
3	2025-01-29 10:55:09.328897+03	1	Этаж 1 (1)	1	[{"added": {}}]	10	1
4	2025-01-29 10:55:16.746104+03	2	Этаж 2 (1)	1	[{"added": {}}]	10	1
5	2025-01-29 10:55:51.147669+03	1	Офис 257 (Этаж: 2, Корпус: 1)	1	[{"added": {}}]	11	1
6	2025-01-29 10:56:10.687736+03	1	Я пьян	1	[{"added": {}}]	9	1
7	2025-01-29 10:56:20.804512+03	1	1 — 257	1	[{"added": {}}]	12	1
8	2025-01-29 10:56:26.355188+03	1	Device 111 (Type ID: Мышка, Package: 1, Condition: Я пьян)	1	[{"added": {}}]	13	1
9	2025-01-29 11:14:39.370101+03	2	Я в хлам	1	[{"added": {}}]	9	1
10	2025-01-29 11:14:43.408233+03	3	Я дебил	1	[{"added": {}}]	9	1
11	2025-01-29 11:14:50.856631+03	4	Старый, зачем насрал?	1	[{"added": {}}]	9	1
12	2025-01-29 11:18:37.753601+03	1	ГАВНО ЗАЛУП ПЕНИС ХЕР	1	[{"added": {}}]	15	1
13	2025-01-29 12:27:48.389741+03	2	2	1	[{"added": {}}]	8	1
14	2025-01-29 12:28:32.776656+03	1	1	2	[{"changed": {"fields": ["Address"]}}]	8	1
15	2025-01-29 12:34:24.623947+03	3	Этаж 123123 (123123)	1	[{"added": {}}]	10	1
16	2025-01-29 12:35:17.855818+03	3	Этаж 3 (3)	2	[{"changed": {"fields": ["Number"]}}]	10	1
17	2025-01-29 12:38:14.894025+03	2	Клавиатура	1	[{"added": {}}]	7	1
18	2025-01-29 12:38:49.302975+03	3	Мышка + Клавиатура	1	[{"added": {}}]	7	1
19	2025-01-29 12:39:02.332437+03	4	Дисковод	1	[{"added": {}}]	7	1
20	2025-01-29 12:39:11.511162+03	5	Монитор	1	[{"added": {}}]	7	1
21	2025-01-29 12:42:11.91903+03	1	Проблема с питанием	2	[{"changed": {"fields": ["Name"]}}]	9	1
22	2025-01-29 12:42:18.08375+03	2	Исправен	2	[{"changed": {"fields": ["Name"]}}]	9	1
23	2025-01-29 12:42:25.311843+03	3	Проблема с проводом	2	[{"changed": {"fields": ["Name"]}}]	9	1
24	2025-01-29 12:42:35.06103+03	4	Неисправен, неизвестная причина	2	[{"changed": {"fields": ["Name"]}}]	9	1
25	2025-01-29 12:42:50.791176+03	5	Не работает	1	[{"added": {}}]	9	1
26	2025-01-29 12:43:17.661508+03	4	Этаж 4 (4)	1	[{"added": {}}]	10	1
27	2025-01-29 12:43:29.842336+03	2	Офис 481 (Этаж: 4, Корпус: 2)	1	[{"added": {}}]	11	1
28	2025-01-29 12:43:47.907997+03	3	Офис 482 (Этаж: 4, Корпус: 2)	1	[{"added": {}}]	11	1
29	2025-01-29 12:43:58.558047+03	4	Офис 228 (Этаж: 2, Корпус: 1)	1	[{"added": {}}]	11	1
30	2025-01-29 12:44:15.321234+03	5	Офис 226 (Этаж: 2, Корпус: 1)	1	[{"added": {}}]	11	1
31	2025-01-29 12:44:26.066167+03	1	Офис 257 (Этаж: 2, Корпус: 2)	2	[{"changed": {"fields": ["Body"]}}]	11	1
32	2025-01-29 12:46:18.669556+03	2	1 — 481	1	[{"added": {}}]	12	1
33	2025-01-29 12:46:27.498502+03	3	2 — 482	1	[{"added": {}}]	12	1
34	2025-01-29 12:46:35.720434+03	4	3 — 482	1	[{"added": {}}]	12	1
35	2025-01-29 12:46:44.637886+03	5	1 — 257	1	[{"added": {}}]	12	1
36	2025-01-29 12:47:17.572045+03	1	Тестовый чат	2	[{"changed": {"fields": ["Name"]}}]	15	1
37	2025-01-29 12:47:34.917972+03	7	root: тут текст	2	[{"changed": {"fields": ["Messenges"]}}]	17	1
38	2025-01-29 12:47:47.826932+03	6	admin: тут другой текст	2	[{"changed": {"fields": ["Messenges"]}}]	17	1
39	2025-01-29 12:48:12.96075+03	5	root: ++++	2	[{"changed": {"fields": ["Messenges"]}}]	17	1
40	2025-01-29 12:50:28.744659+03	2	Device 123123123 (Type ID: Монитор, Package: 2, Condition: Неисправен, неизвестная причина)	1	[{"added": {}}]	13	1
41	2025-01-29 12:50:45.499261+03	3	Device 123123123 (Type ID: Монитор, Package: 2, Condition: Неисправен, неизвестная причина)	1	[{"added": {}}]	13	1
42	2025-01-29 12:51:00.456296+03	4	Device 325345234 (Type ID: Дисковод, Package: 2, Condition: Проблема с проводом)	1	[{"added": {}}]	13	1
43	2025-01-29 12:51:13.40188+03	5	Device 56745674567 (Type ID: Дисковод, Package: 1, Condition: Не работает)	1	[{"added": {}}]	13	1
44	2025-01-29 12:51:59.310703+03	2	Application 2 (Office: 481, Device: 123123123)	1	[{"added": {}}]	14	1
45	2025-01-29 12:52:32.025076+03	3	Application 3 (Office: 257, Device: 123123123)	1	[{"added": {}}]	14	1
46	2025-01-29 12:52:52.663841+03	4	Application 4 (Office: 228, Device: 56745674567)	1	[{"added": {}}]	14	1
47	2025-01-29 12:53:05.351304+03	6	В обработке	1	[{"added": {}}]	9	1
48	2025-01-29 12:53:11.468623+03	7	Исправлено	1	[{"added": {}}]	9	1
49	2025-01-29 12:53:34.296084+03	5	Application 5 (Office: 482, Device: 325345234)	1	[{"added": {}}]	14	1
50	2025-01-29 12:53:46.713552+03	5	Этаж 5 (5)	1	[{"added": {}}]	10	1
51	2025-01-29 12:55:35.883806+03	3	teacher1	1	[{"added": {}}]	4	1
52	2025-01-29 12:56:01.484079+03	4	somebody	1	[{"added": {}}]	4	1
53	2025-01-29 12:56:23.425785+03	5	test_user	1	[{"added": {}}]	4	1
54	2025-01-29 13:09:55.031669+03	6	Офис 1 (Этаж: 1, Корпус: 1)	1	[{"added": {}}]	11	1
55	2025-01-29 13:10:03.208718+03	7	Офис 2 (Этаж: 1, Корпус: 1)	1	[{"added": {}}]	11	1
56	2025-01-29 13:10:12.741381+03	8	Офис 3 (Этаж: 2, Корпус: 1)	1	[{"added": {}}]	11	1
57	2025-01-29 13:10:20.582855+03	9	Офис 4 (Этаж: 2, Корпус: 1)	1	[{"added": {}}]	11	1
58	2025-01-29 13:10:32.412906+03	10	Офис 5 (Этаж: 3, Корпус: 1)	1	[{"added": {}}]	11	1
59	2025-01-29 13:10:49.043107+03	11	Офис 6 (Этаж: 1, Корпус: 2)	1	[{"added": {}}]	11	1
60	2025-01-29 13:10:55.36122+03	12	Офис 7 (Этаж: 1, Корпус: 2)	1	[{"added": {}}]	11	1
61	2025-01-29 13:11:00.650602+03	13	Офис 8 (Этаж: 1, Корпус: 2)	1	[{"added": {}}]	11	1
62	2025-01-29 13:11:09.05247+03	14	Офис 11 (Этаж: 2, Корпус: 2)	1	[{"added": {}}]	11	1
63	2025-01-29 13:11:15.1692+03	15	Офис 12 (Этаж: 2, Корпус: 2)	1	[{"added": {}}]	11	1
64	2025-01-29 13:12:18.910916+03	16	Офис 12 (Этаж: 3, Корпус: 2)	1	[{"added": {}}]	11	1
65	2025-01-29 13:12:30.195954+03	17	Офис 14 (Этаж: 4, Корпус: 2)	1	[{"added": {}}]	11	1
66	2025-01-29 13:12:36.959728+03	18	Офис 15 (Этаж: 5, Корпус: 2)	1	[{"added": {}}]	11	1
67	2025-01-29 13:25:08.60556+03	1	Сломано	2	[{"changed": {"fields": ["Name"]}}]	9	1
68	2025-01-29 13:25:41.393133+03	3	Работает	2	[{"changed": {"fields": ["Name"]}}]	9	1
69	2025-01-29 13:28:53.091654+03	1	Тестовый чат	2	[]	15	1
70	2025-01-29 13:39:55.551149+03	2	Чат2	1	[{"added": {}}]	15	1
71	2025-02-13 12:28:24.052938+03	1	Предмет 1	1	[{"added": {}}]	18	1
72	2025-02-14 10:49:42.614903+03	2	Предмет 2	1	[{"added": {}}]	18	1
73	2025-02-18 13:54:02.208064+03	3	Предмет3	1	[{"added": {}}]	18	1
74	2025-02-19 09:04:16.514681+03	4	Предмет4	1	[{"added": {}}]	18	1
75	2025-02-20 11:17:20.003741+03	1	Сломано	2	[]	9	1
76	2025-02-20 15:34:56.871114+03	5	Предмет 5	1	[{"added": {}}]	18	1
77	2025-02-27 14:15:00.34336+03	65	TESTOVOE	1	[{"added": {}}]	18	1
78	2025-02-27 14:16:35.981+03	65	TESTOVOE	3		18	1
79	2025-03-04 13:26:58.571258+03	1	Программный тип	1	[{"added": {}}]	19	1
80	2025-03-04 13:27:08.53087+03	2	Физический тип	1	[{"added": {}}]	19	1
81	2025-03-04 13:27:17.49646+03	3	механический тип	1	[{"added": {}}]	19	1
82	2025-03-04 13:46:29.000475+03	84	ТЕСТСЫ	1	[{"added": {}}]	18	1
83	2025-04-07 12:55:02.962607+03	3	Офис 482 (Этаж: 4, Корпус: 2)	2	[]	11	1
84	2025-04-28 11:22:40.672465+03	1	228 (Офис 228 (Этаж: 2, Корпус: 1))	1	[{"added": {}}, {"added": {"name": "device position", "object": "1 \\u2014 228 at (0, 0)"}}, {"added": {"name": "device position", "object": "2 \\u2014 228 at (1, 0)"}}, {"added": {"name": "device position", "object": "3 \\u2014 228 at (2, 0)"}}, {"added": {"name": "device position", "object": "4 \\u2014 228 at (3, 0)"}}]	20	1
85	2025-04-28 11:35:05.470233+03	2	481 (Офис 481 (Этаж: 4, Корпус: 2))	1	[{"added": {}}, {"added": {"name": "device position", "object": "1 \\u2014 481 at (1, 0)"}}, {"added": {"name": "device position", "object": "2 \\u2014 481 at (2, 0)"}}, {"added": {"name": "device position", "object": "1 \\u2014 481 at (3, 0)"}}]	20	1
86	2025-05-06 21:59:21.906501+03	1	admin	1	[{"added": {}}]	3	1
87	2025-05-06 21:59:29.823507+03	2	teacher	1	[{"added": {}}]	3	1
88	2025-05-06 21:59:36.443946+03	3	master	1	[{"added": {}}]	3	1
89	2025-05-06 22:00:03.65073+03	1	admin	2	[{"changed": {"fields": ["Groups"]}}]	4	1
90	2025-05-06 22:00:14.847632+03	7	azarenko	2	[{"changed": {"fields": ["Groups"]}}]	4	1
91	2025-05-06 22:00:27.256956+03	9	Bahis	2	[{"changed": {"fields": ["Groups"]}}]	4	1
92	2025-05-06 22:49:46.294291+03	12	adasdasd	2	[{"changed": {"fields": ["Groups"]}}]	4	1
93	2025-05-13 11:25:21.793394+03	19	Офис 214 (Этаж: 2, Корпус: 1)	1	[{"added": {}}]	11	1
94	2025-05-13 11:25:37.854778+03	20	Офис 215 (Этаж: 2, Корпус: 1)	1	[{"added": {}}]	11	1
95	2025-05-13 11:25:49.717752+03	21	Офис 224 (Этаж: 2, Корпус: 1)	1	[{"added": {}}]	11	1
96	2025-05-13 11:26:08.632557+03	22	Офис 207 (Этаж: 2, Корпус: 1)	1	[{"added": {}}]	11	1
97	2025-05-13 11:26:32.057654+03	23	Офис 483 (Этаж: 4, Корпус: 2)	1	[{"added": {}}]	11	1
98	2025-05-13 11:26:42.383336+03	24	Офис 484 (Этаж: 4, Корпус: 2)	1	[{"added": {}}]	11	1
99	2025-05-13 11:26:51.150801+03	25	Офис 485 (Этаж: 4, Корпус: 2)	1	[{"added": {}}]	11	1
100	2025-05-13 11:26:59.643143+03	26	Офис 486 (Этаж: 4, Корпус: 2)	1	[{"added": {}}]	11	1
101	2025-05-13 11:28:24.902492+03	27	Офис 481 (Этаж: 4, Корпус: 2)	1	[{"added": {}}]	11	1
102	2025-05-13 11:28:49.618028+03	27	Офис 481 (Этаж: 4, Корпус: 2)	3		11	1
103	2025-05-13 11:31:03.364241+03	186	1 — 482	1	[{"added": {}}]	12	1
104	2025-05-13 11:31:12.925006+03	187	2 — 482	1	[{"added": {}}]	12	1
105	2025-05-13 11:31:26.645493+03	188	3 — 482	1	[{"added": {}}]	12	1
106	2025-05-13 11:31:31.217211+03	189	4 — 482	1	[{"added": {}}]	12	1
107	2025-05-13 11:31:37.722884+03	190	5 — 482	1	[{"added": {}}]	12	1
108	2025-05-13 11:31:42.544387+03	191	6 — 482	1	[{"added": {}}]	12	1
109	2025-05-13 11:31:50.324161+03	192	7 — 482	1	[{"added": {}}]	12	1
110	2025-05-13 11:31:56.990551+03	193	8 — 482	1	[{"added": {}}]	12	1
111	2025-05-13 11:32:02.793047+03	194	9 — 482	1	[{"added": {}}]	12	1
112	2025-05-13 11:32:08.989685+03	195	10 — 482	1	[{"added": {}}]	12	1
113	2025-05-13 11:32:14.611896+03	196	11 — 482	1	[{"added": {}}]	12	1
114	2025-05-13 11:32:20.17433+03	197	12 — 482	1	[{"added": {}}]	12	1
115	2025-05-13 11:32:24.469185+03	198	13 — 482	1	[{"added": {}}]	12	1
116	2025-05-13 11:32:29.496566+03	199	14 — 482	1	[{"added": {}}]	12	1
117	2025-05-13 11:32:34.183676+03	200	15 — 482	1	[{"added": {}}]	12	1
118	2025-05-13 11:32:38.96517+03	201	16 — 482	1	[{"added": {}}]	12	1
119	2025-05-13 11:32:44.130472+03	202	17 — 482	1	[{"added": {}}]	12	1
120	2025-05-13 11:32:49.453342+03	203	18 — 482	1	[{"added": {}}]	12	1
121	2025-05-13 11:32:54.698807+03	204	19 — 482	1	[{"added": {}}]	12	1
122	2025-05-13 11:33:00.081075+03	205	20 — 482	1	[{"added": {}}]	12	1
123	2025-05-13 11:33:05.97903+03	206	21 — 482	1	[{"added": {}}]	12	1
124	2025-05-13 11:33:29.180836+03	6	Системный блок	1	[{"added": {}}]	7	1
125	2025-05-13 11:34:50.441147+03	131	Device 11111111111 (Type ID: Мышка, Package: 1, Condition: Исправен)	1	[{"added": {}}]	13	1
126	2025-05-13 11:35:15.722871+03	132	Device 11111112 (Type ID: Клавиатура, Package: 1, Condition: Исправен)	1	[{"added": {}}]	13	1
127	2025-05-13 11:35:44.920334+03	133	Device 111113 (Type ID: Монитор, Package: 1, Condition: Исправен)	1	[{"added": {}}]	13	1
128	2025-05-13 11:36:00.001838+03	134	Device 1111115 (Type ID: Системный блок, Package: 1, Condition: Исправен)	1	[{"added": {}}]	13	1
129	2025-05-13 11:38:00.914772+03	3	ЧетыреНаШесть (Офис 482 (Этаж: 4, Корпус: 2))	1	[{"added": {}}, {"added": {"name": "device position", "object": "1 \\u2014 482 at (0, 0)"}}, {"added": {"name": "device position", "object": "2 \\u2014 482 at (0, 1)"}}, {"added": {"name": "device position", "object": "3 \\u2014 482 at (1, 1)"}}, {"added": {"name": "device position", "object": "4 \\u2014 482 at (2, 1)"}}]	20	1
130	2025-05-13 11:39:21.121138+03	3	ЧетыреНаШесть (Офис 482 (Этаж: 4, Корпус: 2))	2	[{"changed": {"name": "device position", "object": "1 \\u2014 482 at (3, 5)", "fields": ["X", "Y"]}}]	20	1
131	2025-05-13 11:39:46.096548+03	3	ЧетыреНаШесть (Офис 482 (Этаж: 4, Корпус: 2))	2	[{"changed": {"name": "device position", "object": "1 \\u2014 482 at (0, 5)", "fields": ["X"]}}]	20	1
132	2025-05-13 11:42:24.273534+03	3	ЧетыреНаШесть (Офис 482 (Этаж: 4, Корпус: 2))	2	[{"added": {"name": "device position", "object": "5 \\u2014 482 at (3, 1)"}}, {"added": {"name": "device position", "object": "6 \\u2014 482 at (0, 2)"}}, {"added": {"name": "device position", "object": "7 \\u2014 482 at (1, 2)"}}, {"added": {"name": "device position", "object": "8 \\u2014 482 at (2, 2)"}}, {"added": {"name": "device position", "object": "9 \\u2014 482 at (3, 2)"}}, {"added": {"name": "device position", "object": "10 \\u2014 482 at (0, 3)"}}, {"added": {"name": "device position", "object": "11 \\u2014 482 at (1, 3)"}}, {"added": {"name": "device position", "object": "12 \\u2014 482 at (2, 3)"}}, {"added": {"name": "device position", "object": "13 \\u2014 482 at (3, 3)"}}]	20	1
187	2025-06-16 19:38:14.259109+03	223	8	3		12	1
188	2025-06-16 19:38:14.259181+03	222	7	3		12	1
133	2025-05-13 11:44:01.577939+03	3	ЧетыреНаШесть (Офис 482 (Этаж: 4, Корпус: 2))	2	[{"added": {"name": "device position", "object": "14 \\u2014 482 at (0, 4)"}}, {"added": {"name": "device position", "object": "15 \\u2014 482 at (1, 4)"}}, {"added": {"name": "device position", "object": "16 \\u2014 482 at (2, 4)"}}, {"added": {"name": "device position", "object": "17 \\u2014 482 at (3, 4)"}}]	20	1
134	2025-05-13 12:24:02.922242+03	2	481 (Офис 481 (Этаж: 4, Корпус: 2))	2	[{"added": {"name": "device position", "object": "4 \\u2014 481 at (0, 0)"}}, {"added": {"name": "device position", "object": "5 \\u2014 481 at (0, 1)"}}, {"added": {"name": "device position", "object": "6 \\u2014 481 at (1, 1)"}}, {"added": {"name": "device position", "object": "7 \\u2014 481 at (2, 1)"}}, {"added": {"name": "device position", "object": "8 \\u2014 481 at (3, 1)"}}, {"added": {"name": "device position", "object": "9 \\u2014 481 at (1, 2)"}}, {"added": {"name": "device position", "object": "10 \\u2014 481 at (2, 2)"}}, {"changed": {"name": "device position", "object": "3 \\u2014 481 at (3, 0)", "fields": ["Package device"]}}]	20	1
135	2025-05-13 12:25:08.884715+03	207	11 — 481	1	[{"added": {}}]	12	1
136	2025-05-13 12:25:14.94221+03	208	12 — 481	1	[{"added": {}}]	12	1
137	2025-05-13 12:25:20.878357+03	209	13 — 481	1	[{"added": {}}]	12	1
138	2025-05-13 12:25:25.986426+03	210	14 — 481	1	[{"added": {}}]	12	1
139	2025-05-13 12:25:31.208638+03	211	15 — 481	1	[{"added": {}}]	12	1
140	2025-05-13 12:25:38.784906+03	212	16 — 481	1	[{"added": {}}]	12	1
141	2025-05-13 12:25:43.133708+03	213	17 — 481	1	[{"added": {}}]	12	1
142	2025-05-13 12:25:47.935191+03	214	18 — 481	1	[{"added": {}}]	12	1
143	2025-05-13 12:25:54.40524+03	215	19 — 481	1	[{"added": {}}]	12	1
144	2025-05-13 12:27:39.716462+03	2	481 (Офис 481 (Этаж: 4, Корпус: 2))	2	[{"changed": {"fields": ["Height"]}}, {"added": {"name": "device position", "object": "11 \\u2014 481 at (3, 2)"}}, {"added": {"name": "device position", "object": "12 \\u2014 481 at (0, 2)"}}, {"added": {"name": "device position", "object": "13 \\u2014 481 at (0, 3)"}}, {"added": {"name": "device position", "object": "14 \\u2014 481 at (1, 3)"}}, {"added": {"name": "device position", "object": "15 \\u2014 481 at (2, 3)"}}, {"added": {"name": "device position", "object": "16 \\u2014 481 at (3, 3)"}}, {"added": {"name": "device position", "object": "19 \\u2014 481 at (0, 4)"}}]	20	1
145	2025-05-13 12:30:56.348037+03	135	Device 23323 (Type ID: Мышка, Package: 19, Condition: Исправен)	1	[{"added": {}}]	13	1
146	2025-05-13 12:31:07.286812+03	136	Device 3232333 (Type ID: Клавиатура, Package: 19, Condition: Исправен)	1	[{"added": {}}]	13	1
147	2025-05-13 12:31:18.661778+03	137	Device 55555 (Type ID: Монитор, Package: 19, Condition: Исправен)	1	[{"added": {}}]	13	1
148	2025-05-13 12:31:28.597658+03	138	Device 13213123 (Type ID: Системный блок, Package: 19, Condition: Исправен)	1	[{"added": {}}]	13	1
149	2025-05-13 12:31:38.646402+03	7	Проектор	1	[{"added": {}}]	7	1
150	2025-05-13 12:31:42.633153+03	8	Принтер	1	[{"added": {}}]	7	1
151	2025-05-13 12:32:02.287276+03	139	Device 44424323 (Type ID: Проектор, Package: 19, Condition: Исправен)	1	[{"added": {}}]	13	1
152	2025-05-13 12:32:13.544097+03	140	Device 12321333 (Type ID: Принтер, Package: 19, Condition: Исправен)	1	[{"added": {}}]	13	1
153	2025-05-13 12:49:34.406764+03	16	Kozlova	2	[{"changed": {"fields": ["password"]}}]	4	1
154	2025-05-13 12:50:13.732097+03	16	Kozlova	2	[{"changed": {"fields": ["password"]}}]	4	1
155	2025-05-13 12:56:43.212401+03	133	Device 111113 (Type ID: Монитор, Package: 1, Condition: Исправен)	2	[{"changed": {"fields": ["Condition"]}}]	13	1
156	2025-05-13 13:04:00.326037+03	28	Офис 1 (Этаж: 1, Корпус: 1)	1	[{"added": {}}]	11	1
157	2025-05-13 13:04:25.832177+03	28	Офис 1 (Этаж: 1, Корпус: 1)	3		11	1
158	2025-05-13 13:04:51.892096+03	29	Офис 3 (Этаж: 1, Корпус: 1)	1	[{"added": {}}]	11	1
159	2025-05-13 13:05:15.219981+03	216	1 — 3	1	[{"added": {}}]	12	1
160	2025-05-13 13:05:22.623793+03	217	2 — 3	1	[{"added": {}}]	12	1
161	2025-05-13 13:05:28.876385+03	218	3 — 3	1	[{"added": {}}]	12	1
162	2025-05-13 13:05:33.519026+03	219	4 — 3	1	[{"added": {}}]	12	1
163	2025-05-13 13:05:38.471961+03	220	5 — 3	1	[{"added": {}}]	12	1
164	2025-05-13 13:05:45.082988+03	221	6 — 3	1	[{"added": {}}]	12	1
165	2025-05-13 13:05:50.511864+03	222	7 — 3	1	[{"added": {}}]	12	1
166	2025-05-13 13:05:58.072719+03	223	8 — 3	1	[{"added": {}}]	12	1
167	2025-05-13 13:06:15.805678+03	141	Device 332323 (Type ID: Мышка, Package: 8, Condition: Исправен)	1	[{"added": {}}]	13	1
168	2025-05-13 13:06:27.941035+03	142	Device 232323 (Type ID: Клавиатура, Package: 8, Condition: Исправен)	1	[{"added": {}}]	13	1
169	2025-05-13 13:06:39.293677+03	143	Device 123233 (Type ID: Монитор, Package: 8, Condition: Исправен)	1	[{"added": {}}]	13	1
170	2025-05-13 13:06:51.952488+03	144	Device 4123233 (Type ID: Системный блок, Package: 8, Condition: Исправен)	1	[{"added": {}}]	13	1
171	2025-05-13 13:08:51.469799+03	4	ТриНаЧетыре (Офис 3 (Этаж: 1, Корпус: 1))	1	[{"added": {}}, {"added": {"name": "device position", "object": "1 \\u2014 3 at (0, 0)"}}, {"added": {"name": "device position", "object": "2 \\u2014 3 at (0, 1)"}}, {"added": {"name": "device position", "object": "3 \\u2014 3 at (0, 2)"}}, {"added": {"name": "device position", "object": "4 \\u2014 3 at (0, 3)"}}, {"added": {"name": "device position", "object": "5 \\u2014 3 at (1, 0)"}}, {"added": {"name": "device position", "object": "6 \\u2014 3 at (1, 1)"}}, {"added": {"name": "device position", "object": "7 \\u2014 3 at (1, 2)"}}, {"added": {"name": "device position", "object": "8 \\u2014 3 at (2, 0)"}}]	20	1
172	2025-05-13 14:11:49.477025+03	12	adasdasd	2	[{"changed": {"fields": ["Groups"]}}]	4	1
173	2025-05-13 21:36:45.836695+03	14	Afanasieva	2	[{"changed": {"fields": ["Groups"]}}]	4	1
174	2025-05-15 14:20:05.922148+03	224	123123 — 3	1	[{"added": {}}]	12	1
175	2025-05-15 14:20:27.57717+03	148	Device - (Type ID: Мышка, Package: 123123, Condition: Исправен)	2	[]	13	1
176	2025-05-15 14:22:58.13718+03	225	13123123 — 3	1	[{"added": {}}]	12	1
177	2025-05-15 14:23:17.167408+03	225	13123123 — 3	2	[]	12	1
178	2025-05-15 14:24:11.963179+03	225	13123123 — 3	2	[]	12	1
179	2025-05-15 15:40:37.706545+03	1	Этаж 1	2	[{"changed": {"fields": ["Bodies"]}}]	10	1
180	2025-05-15 15:40:45.567874+03	2	Этаж 2	2	[{"changed": {"fields": ["Bodies"]}}]	10	1
181	2025-05-15 15:40:52.033164+03	4	Этаж 4	2	[{"changed": {"fields": ["Bodies"]}}]	10	1
182	2025-05-15 15:44:48.456887+03	226	1234567890 — 226	1	[{"added": {}}]	12	1
183	2025-05-20 10:50:18.323938+03	16	Kozlova	2	[{"changed": {"fields": ["Groups"]}}]	4	1
184	2025-06-16 19:36:23.867678+03	226	1234567890	3		12	1
185	2025-06-16 19:36:29.655542+03	225	13123123	3		12	1
186	2025-06-16 19:36:34.142331+03	224	123123	3		12	1
189	2025-06-16 19:38:14.259212+03	221	6	3		12	1
190	2025-06-16 19:38:14.259235+03	220	5	3		12	1
191	2025-06-16 19:38:14.259257+03	219	4	3		12	1
192	2025-06-16 19:38:14.25928+03	218	3	3		12	1
193	2025-06-16 19:38:14.259301+03	217	2	3		12	1
194	2025-06-16 19:38:14.259324+03	216	1	3		12	1
195	2025-06-16 19:38:14.259352+03	215	19	3		12	1
196	2025-06-16 19:38:14.259378+03	214	18	3		12	1
197	2025-06-16 19:38:14.2594+03	213	17	3		12	1
198	2025-06-16 19:38:14.259422+03	212	16	3		12	1
199	2025-06-16 19:38:14.259444+03	211	15	3		12	1
200	2025-06-16 19:38:14.259465+03	210	14	3		12	1
201	2025-06-16 19:38:14.259486+03	209	13	3		12	1
202	2025-06-16 19:38:14.259513+03	208	12	3		12	1
203	2025-06-16 19:38:14.259539+03	207	11	3		12	1
204	2025-06-16 19:38:14.259562+03	206	21	3		12	1
205	2025-06-16 19:38:14.259585+03	205	20	3		12	1
206	2025-06-16 19:38:14.259607+03	204	19	3		12	1
207	2025-06-16 19:38:14.259627+03	203	18	3		12	1
208	2025-06-16 19:38:14.259647+03	202	17	3		12	1
209	2025-06-16 19:38:14.25967+03	201	16	3		12	1
210	2025-06-16 19:38:14.259692+03	200	15	3		12	1
211	2025-06-16 19:38:14.259712+03	199	14	3		12	1
212	2025-06-16 19:38:14.259734+03	198	13	3		12	1
213	2025-06-16 19:38:14.259755+03	197	12	3		12	1
214	2025-06-16 19:38:14.259776+03	196	11	3		12	1
215	2025-06-16 19:38:14.259798+03	195	10	3		12	1
216	2025-06-16 19:38:14.25982+03	194	9	3		12	1
217	2025-06-16 19:38:14.259841+03	193	8	3		12	1
218	2025-06-16 19:38:14.259863+03	192	7	3		12	1
219	2025-06-16 19:38:14.259884+03	191	6	3		12	1
220	2025-06-16 19:38:14.259906+03	190	5	3		12	1
221	2025-06-16 19:38:14.259927+03	189	4	3		12	1
222	2025-06-16 19:38:14.259948+03	188	3	3		12	1
223	2025-06-16 19:38:14.259973+03	187	2	3		12	1
224	2025-06-16 19:38:14.259996+03	186	1	3		12	1
225	2025-06-16 19:38:14.260019+03	185	10	3		12	1
226	2025-06-16 19:38:14.26004+03	184	9	3		12	1
227	2025-06-16 19:38:14.26006+03	183	8	3		12	1
228	2025-06-16 19:38:14.260081+03	182	7	3		12	1
229	2025-06-16 19:38:14.260103+03	181	6	3		12	1
230	2025-06-16 19:38:14.260124+03	180	5	3		12	1
231	2025-06-16 19:38:14.260145+03	179	4	3		12	1
232	2025-06-16 19:38:14.260165+03	178	3	3		12	1
233	2025-06-16 19:38:14.260186+03	177	2	3		12	1
234	2025-06-16 19:38:14.260205+03	176	1	3		12	1
235	2025-06-16 19:38:14.260225+03	175	10	3		12	1
236	2025-06-16 19:38:14.260246+03	174	9	3		12	1
237	2025-06-16 19:38:14.260266+03	173	8	3		12	1
238	2025-06-16 19:38:14.260286+03	172	7	3		12	1
239	2025-06-16 19:38:14.260306+03	171	6	3		12	1
240	2025-06-16 19:38:14.260328+03	170	5	3		12	1
241	2025-06-16 19:38:14.260349+03	169	4	3		12	1
242	2025-06-16 19:38:14.260369+03	168	3	3		12	1
243	2025-06-16 19:38:14.260388+03	167	2	3		12	1
244	2025-06-16 19:38:14.260409+03	166	1	3		12	1
245	2025-06-16 19:38:14.260431+03	165	10	3		12	1
246	2025-06-16 19:38:14.260452+03	164	9	3		12	1
247	2025-06-16 19:38:14.260472+03	163	8	3		12	1
248	2025-06-16 19:38:14.260493+03	162	7	3		12	1
249	2025-06-16 19:38:14.260513+03	161	6	3		12	1
250	2025-06-16 19:38:14.260532+03	160	5	3		12	1
251	2025-06-16 19:38:14.260553+03	159	4	3		12	1
252	2025-06-16 19:38:14.260577+03	158	3	3		12	1
253	2025-06-16 19:38:14.260624+03	157	2	3		12	1
254	2025-06-16 19:38:14.260659+03	156	1	3		12	1
255	2025-06-16 19:38:14.26068+03	155	10	3		12	1
256	2025-06-16 19:38:14.260701+03	154	9	3		12	1
257	2025-06-16 19:38:14.26072+03	153	8	3		12	1
258	2025-06-16 19:38:14.26074+03	152	7	3		12	1
259	2025-06-16 19:38:14.260761+03	151	6	3		12	1
260	2025-06-16 19:38:14.26078+03	150	5	3		12	1
261	2025-06-16 19:38:14.260801+03	149	4	3		12	1
262	2025-06-16 19:38:14.260821+03	148	3	3		12	1
263	2025-06-16 19:38:14.260841+03	147	2	3		12	1
264	2025-06-16 19:38:14.260867+03	146	1	3		12	1
265	2025-06-16 19:38:14.260888+03	145	10	3		12	1
266	2025-06-16 19:38:14.260909+03	144	9	3		12	1
267	2025-06-16 19:38:14.26093+03	143	8	3		12	1
268	2025-06-16 19:38:14.26095+03	142	7	3		12	1
269	2025-06-16 19:38:14.260969+03	141	6	3		12	1
270	2025-06-16 19:38:14.26099+03	140	5	3		12	1
271	2025-06-16 19:38:14.26101+03	139	4	3		12	1
272	2025-06-16 19:38:14.26103+03	138	3	3		12	1
273	2025-06-16 19:38:14.261051+03	137	2	3		12	1
274	2025-06-16 19:38:14.261072+03	136	1	3		12	1
275	2025-06-16 19:38:14.261093+03	135	10	3		12	1
276	2025-06-16 19:38:14.261113+03	134	9	3		12	1
277	2025-06-16 19:38:14.261133+03	133	8	3		12	1
278	2025-06-16 19:38:14.261153+03	132	7	3		12	1
279	2025-06-16 19:38:14.261173+03	131	6	3		12	1
280	2025-06-16 19:38:14.261198+03	130	5	3		12	1
281	2025-06-16 19:38:14.261218+03	129	4	3		12	1
282	2025-06-16 19:38:14.261238+03	128	3	3		12	1
283	2025-06-16 19:38:14.261259+03	127	2	3		12	1
284	2025-06-16 19:38:14.261279+03	126	1	3		12	1
285	2025-06-16 19:38:14.261309+03	125	10	3		12	1
286	2025-06-16 19:38:14.26133+03	124	9	3		12	1
287	2025-06-16 19:38:14.261351+03	123	8	3		12	1
288	2025-06-16 19:38:14.261371+03	122	7	3		12	1
289	2025-06-16 19:38:14.261391+03	121	6	3		12	1
290	2025-06-16 19:38:14.26141+03	120	5	3		12	1
291	2025-06-16 19:38:14.261442+03	119	4	3		12	1
292	2025-06-16 19:38:14.261464+03	118	3	3		12	1
293	2025-06-16 19:38:14.261484+03	117	2	3		12	1
294	2025-06-16 19:38:14.261503+03	116	1	3		12	1
295	2025-06-16 19:38:14.261523+03	115	10	3		12	1
296	2025-06-16 19:38:14.261553+03	114	9	3		12	1
297	2025-06-16 19:38:14.261573+03	113	8	3		12	1
298	2025-06-16 19:38:14.261592+03	112	7	3		12	1
299	2025-06-16 19:38:14.261611+03	111	6	3		12	1
300	2025-06-16 19:38:14.26163+03	110	5	3		12	1
301	2025-06-16 19:38:14.261651+03	109	4	3		12	1
302	2025-06-16 19:38:14.261673+03	108	3	3		12	1
303	2025-06-16 19:38:14.261693+03	107	2	3		12	1
304	2025-06-16 19:38:14.261715+03	106	1	3		12	1
305	2025-06-16 19:38:14.261736+03	105	10	3		12	1
306	2025-06-16 19:38:14.261757+03	104	9	3		12	1
307	2025-06-16 19:38:14.261777+03	103	8	3		12	1
308	2025-06-16 19:38:14.261797+03	102	7	3		12	1
309	2025-06-16 19:38:14.261816+03	101	6	3		12	1
310	2025-06-16 19:38:14.261836+03	100	5	3		12	1
311	2025-06-16 19:38:14.261856+03	99	4	3		12	1
312	2025-06-16 19:38:14.261875+03	98	3	3		12	1
313	2025-06-16 19:38:14.261895+03	97	2	3		12	1
314	2025-06-16 19:38:14.261914+03	96	1	3		12	1
315	2025-06-16 19:38:14.261933+03	95	10	3		12	1
316	2025-06-16 19:38:14.261959+03	94	9	3		12	1
317	2025-06-16 19:38:14.261979+03	93	8	3		12	1
318	2025-06-16 19:38:14.261999+03	92	7	3		12	1
319	2025-06-16 19:38:14.262019+03	91	6	3		12	1
320	2025-06-16 19:38:14.262038+03	90	5	3		12	1
321	2025-06-16 19:38:14.262058+03	89	4	3		12	1
322	2025-06-16 19:38:14.26208+03	88	3	3		12	1
323	2025-06-16 19:38:14.2621+03	87	2	3		12	1
324	2025-06-16 19:38:14.26212+03	86	1	3		12	1
325	2025-06-16 19:38:14.26214+03	85	10	3		12	1
326	2025-06-16 19:38:14.26216+03	84	9	3		12	1
327	2025-06-16 19:38:14.262179+03	83	8	3		12	1
328	2025-06-16 19:38:14.262198+03	82	7	3		12	1
329	2025-06-16 19:38:14.262219+03	81	6	3		12	1
330	2025-06-16 19:38:14.262238+03	80	5	3		12	1
331	2025-06-16 19:38:14.262259+03	79	4	3		12	1
332	2025-06-16 19:38:14.262279+03	78	3	3		12	1
333	2025-06-16 19:38:14.262299+03	77	2	3		12	1
334	2025-06-16 19:38:14.262318+03	76	1	3		12	1
335	2025-06-16 19:38:14.262337+03	75	10	3		12	1
336	2025-06-16 19:38:14.262362+03	74	9	3		12	1
337	2025-06-16 19:38:14.262387+03	73	8	3		12	1
338	2025-06-16 19:38:14.262407+03	72	7	3		12	1
339	2025-06-16 19:38:14.262427+03	71	6	3		12	1
340	2025-06-16 19:38:14.262448+03	70	5	3		12	1
341	2025-06-16 19:38:14.262468+03	69	4	3		12	1
342	2025-06-16 19:38:14.262488+03	68	3	3		12	1
343	2025-06-16 19:38:14.262509+03	67	2	3		12	1
344	2025-06-16 19:38:14.262531+03	66	1	3		12	1
345	2025-06-16 19:38:14.262551+03	65	10	3		12	1
346	2025-06-16 19:38:14.262572+03	64	9	3		12	1
347	2025-06-16 19:38:14.262592+03	63	8	3		12	1
348	2025-06-16 19:38:14.262613+03	62	7	3		12	1
349	2025-06-16 19:38:14.262632+03	61	6	3		12	1
350	2025-06-16 19:38:14.262652+03	60	5	3		12	1
351	2025-06-16 19:38:14.262672+03	59	4	3		12	1
352	2025-06-16 19:38:14.262692+03	58	3	3		12	1
353	2025-06-16 19:38:14.262711+03	57	2	3		12	1
354	2025-06-16 19:38:14.262732+03	56	1	3		12	1
355	2025-06-16 19:38:14.262753+03	55	10	3		12	1
356	2025-06-16 19:38:14.262772+03	54	9	3		12	1
357	2025-06-16 19:38:14.262792+03	53	8	3		12	1
358	2025-06-16 19:38:14.262814+03	52	7	3		12	1
359	2025-06-16 19:38:14.262835+03	51	6	3		12	1
360	2025-06-16 19:38:14.262859+03	50	5	3		12	1
361	2025-06-16 19:38:14.26288+03	49	4	3		12	1
362	2025-06-16 19:38:14.2629+03	48	3	3		12	1
363	2025-06-16 19:38:14.262919+03	47	2	3		12	1
364	2025-06-16 19:38:14.26294+03	46	1	3		12	1
365	2025-06-16 19:38:14.262961+03	45	10	3		12	1
366	2025-06-16 19:38:14.262983+03	44	9	3		12	1
367	2025-06-16 19:38:14.263004+03	43	8	3		12	1
368	2025-06-16 19:38:14.263025+03	42	7	3		12	1
369	2025-06-16 19:38:14.263046+03	41	6	3		12	1
370	2025-06-16 19:38:14.263067+03	40	5	3		12	1
371	2025-06-16 19:38:14.263088+03	39	4	3		12	1
372	2025-06-16 19:38:14.263107+03	38	3	3		12	1
373	2025-06-16 19:38:14.263127+03	37	2	3		12	1
374	2025-06-16 19:38:14.263147+03	36	1	3		12	1
375	2025-06-16 19:38:14.263167+03	35	10	3		12	1
376	2025-06-16 19:38:14.263187+03	34	9	3		12	1
377	2025-06-16 19:38:14.263207+03	33	8	3		12	1
378	2025-06-16 19:38:14.263228+03	32	7	3		12	1
379	2025-06-16 19:38:14.263249+03	31	6	3		12	1
380	2025-06-16 19:38:14.263269+03	30	5	3		12	1
381	2025-06-16 19:38:14.26329+03	29	4	3		12	1
382	2025-06-16 19:38:14.263311+03	28	3	3		12	1
383	2025-06-16 19:38:14.26333+03	27	2	3		12	1
384	2025-06-16 19:38:14.26335+03	26	1	3		12	1
385	2025-06-16 19:38:14.263369+03	25	10	3		12	1
386	2025-06-16 19:38:14.263389+03	24	9	3		12	1
387	2025-06-16 19:38:14.26341+03	23	8	3		12	1
388	2025-06-16 19:38:14.263437+03	22	7	3		12	1
389	2025-06-16 19:38:14.263457+03	21	6	3		12	1
390	2025-06-16 19:38:14.263479+03	20	5	3		12	1
391	2025-06-16 19:38:14.2635+03	19	4	3		12	1
392	2025-06-16 19:38:14.263521+03	18	3	3		12	1
393	2025-06-16 19:38:14.263541+03	17	2	3		12	1
394	2025-06-16 19:38:14.263561+03	16	1	3		12	1
395	2025-06-16 19:38:14.263581+03	15	10	3		12	1
396	2025-06-16 19:38:14.263602+03	14	9	3		12	1
397	2025-06-16 19:38:14.263622+03	13	8	3		12	1
398	2025-06-16 19:38:14.263642+03	12	7	3		12	1
399	2025-06-16 19:38:14.263662+03	11	6	3		12	1
400	2025-06-16 19:38:14.263683+03	10	5	3		12	1
401	2025-06-16 19:38:14.263702+03	9	4	3		12	1
402	2025-06-16 19:38:14.263723+03	8	3	3		12	1
403	2025-06-16 19:38:14.263744+03	7	2	3		12	1
404	2025-06-16 19:38:14.263764+03	6	1	3		12	1
405	2025-06-16 19:38:14.263784+03	5	1	3		12	1
406	2025-06-16 19:38:14.263804+03	4	3	3		12	1
407	2025-06-16 19:38:14.263825+03	3	2	3		12	1
408	2025-06-16 19:38:14.263846+03	2	1	3		12	1
409	2025-06-16 19:38:14.263867+03	1	1	3		12	1
410	2025-06-16 19:38:22.818564+03	29	3	3		11	1
411	2025-06-16 19:38:22.818645+03	26	486	3		11	1
412	2025-06-16 19:38:22.818676+03	25	485	3		11	1
413	2025-06-16 19:38:22.8187+03	24	484	3		11	1
414	2025-06-16 19:38:22.818723+03	23	483	3		11	1
415	2025-06-16 19:38:22.818744+03	22	207	3		11	1
416	2025-06-16 19:38:22.818766+03	21	224	3		11	1
417	2025-06-16 19:38:22.818788+03	20	215	3		11	1
418	2025-06-16 19:38:22.818856+03	19	214	3		11	1
419	2025-06-16 19:38:22.818885+03	18	15	3		11	1
420	2025-06-16 19:38:22.818903+03	17	14	3		11	1
421	2025-06-16 19:38:22.818927+03	16	12	3		11	1
422	2025-06-16 19:38:22.818963+03	15	12	3		11	1
423	2025-06-16 19:38:22.818985+03	14	11	3		11	1
424	2025-06-16 19:38:22.819002+03	13	8	3		11	1
425	2025-06-16 19:38:22.819018+03	12	7	3		11	1
426	2025-06-16 19:38:22.819034+03	11	6	3		11	1
427	2025-06-16 19:38:22.819057+03	10	5	3		11	1
428	2025-06-16 19:38:22.819095+03	9	4	3		11	1
429	2025-06-16 19:38:22.819116+03	8	3	3		11	1
430	2025-06-16 19:38:22.819133+03	7	2	3		11	1
431	2025-06-16 19:38:22.819151+03	6	1	3		11	1
432	2025-06-16 19:38:22.819185+03	5	226	3		11	1
433	2025-06-16 19:38:22.819236+03	4	228	3		11	1
434	2025-06-16 19:38:22.819277+03	3	482	3		11	1
435	2025-06-16 19:38:22.819301+03	2	481	3		11	1
436	2025-06-16 19:38:22.819321+03	1	257	3		11	1
437	2025-06-16 19:39:40.654142+03	1	1	2	[{"changed": {"fields": ["Address"]}}]	8	1
438	2025-06-16 19:40:03.580708+03	2	2	2	[{"changed": {"fields": ["Address"]}}]	8	1
439	2025-06-16 19:40:15.025318+03	3	Механический тип	2	[{"changed": {"fields": ["Name"]}}]	19	1
440	2025-06-16 19:40:30.350528+03	2	Физический тип	3		19	1
441	2025-06-16 19:41:21.445974+03	4	Программное обеспечение	1	[{"added": {}}]	19	1
442	2025-06-16 19:41:55.245816+03	5	5	3		10	1
443	2025-06-16 19:42:19.122043+03	30	257	1	[{"added": {}}]	11	1
444	2025-06-16 19:42:43.659676+03	31	482	1	[{"added": {}}]	11	1
445	2025-06-16 19:42:53.377131+03	32	481	1	[{"added": {}}]	11	1
446	2025-06-16 19:43:04.909951+03	33	228	1	[{"added": {}}]	11	1
447	2025-06-16 19:43:12.555178+03	34	227	1	[{"added": {}}]	11	1
448	2025-06-16 19:43:26.413528+03	35	218	1	[{"added": {}}]	11	1
449	2025-06-16 19:44:06.308681+03	9	Моноблок	1	[{"added": {}}]	7	1
450	2025-06-16 19:47:06.086355+03	227	1	1	[{"added": {}}]	12	1
451	2025-06-16 19:47:14.323312+03	228	2	1	[{"added": {}}]	12	1
452	2025-06-16 19:47:38.592939+03	229	3	1	[{"added": {}}]	12	1
453	2025-06-16 19:47:44.240516+03	230	4	1	[{"added": {}}]	12	1
454	2025-06-16 19:48:11.511659+03	231	5	1	[{"added": {}}]	12	1
455	2025-06-16 19:48:19.209382+03	232	6	1	[{"added": {}}]	12	1
456	2025-06-16 19:48:31.268488+03	233	7	1	[{"added": {}}]	12	1
457	2025-06-16 19:48:37.096932+03	234	8	1	[{"added": {}}]	12	1
458	2025-06-16 19:48:42.064148+03	235	9	1	[{"added": {}}]	12	1
459	2025-06-16 19:48:47.680177+03	236	10	1	[{"added": {}}]	12	1
460	2025-06-16 19:48:52.596635+03	237	11	1	[{"added": {}}]	12	1
461	2025-06-16 19:48:56.270563+03	238	12	1	[{"added": {}}]	12	1
462	2025-06-16 19:49:06.159468+03	239	13	1	[{"added": {}}]	12	1
463	2025-06-16 19:49:14.54155+03	240	14	1	[{"added": {}}]	12	1
464	2025-06-16 19:49:19.141379+03	241	15	1	[{"added": {}}]	12	1
465	2025-06-16 19:49:23.446311+03	242	16	1	[{"added": {}}]	12	1
466	2025-06-16 19:49:29.823124+03	243	17	1	[{"added": {}}]	12	1
467	2025-06-16 19:50:33.118287+03	5	OfficeLayout object (5)	1	[{"added": {}}, {"added": {"name": "device position", "object": "DevicePosition object (47)"}}, {"added": {"name": "device position", "object": "DevicePosition object (48)"}}, {"added": {"name": "device position", "object": "DevicePosition object (49)"}}, {"added": {"name": "device position", "object": "DevicePosition object (50)"}}, {"added": {"name": "device position", "object": "DevicePosition object (51)"}}, {"added": {"name": "device position", "object": "DevicePosition object (52)"}}, {"added": {"name": "device position", "object": "DevicePosition object (53)"}}, {"added": {"name": "device position", "object": "DevicePosition object (54)"}}, {"added": {"name": "device position", "object": "DevicePosition object (55)"}}, {"added": {"name": "device position", "object": "DevicePosition object (56)"}}, {"added": {"name": "device position", "object": "DevicePosition object (57)"}}, {"added": {"name": "device position", "object": "DevicePosition object (58)"}}, {"added": {"name": "device position", "object": "DevicePosition object (59)"}}, {"added": {"name": "device position", "object": "DevicePosition object (60)"}}, {"added": {"name": "device position", "object": "DevicePosition object (61)"}}, {"added": {"name": "device position", "object": "DevicePosition object (62)"}}, {"added": {"name": "device position", "object": "DevicePosition object (63)"}}]	20	1
468	2025-06-16 19:53:49.388086+03	5	OfficeLayout object (5)	2	[{"changed": {"name": "device position", "object": "DevicePosition object (47)", "fields": ["X", "Y"]}}, {"changed": {"name": "device position", "object": "DevicePosition object (56)", "fields": ["X"]}}, {"changed": {"name": "device position", "object": "DevicePosition object (60)", "fields": ["X"]}}, {"changed": {"name": "device position", "object": "DevicePosition object (63)", "fields": ["X", "Y"]}}]	20	1
469	2025-06-16 19:55:40.142486+03	5	OfficeLayout object (5)	2	[{"changed": {"name": "device position", "object": "DevicePosition object (61)", "fields": ["X"]}}, {"changed": {"name": "device position", "object": "DevicePosition object (62)", "fields": ["X"]}}]	20	1
470	2025-06-16 19:56:37.190511+03	5	OfficeLayout object (5)	2	[{"changed": {"fields": ["Width", "Height"]}}]	20	1
471	2025-06-16 19:58:30.740981+03	5	OfficeLayout object (5)	2	[{"changed": {"name": "device position", "object": "DevicePosition object (47)", "fields": ["X", "Y"]}}, {"changed": {"name": "device position", "object": "DevicePosition object (48)", "fields": ["X", "Y"]}}, {"changed": {"name": "device position", "object": "DevicePosition object (50)", "fields": ["X", "Y"]}}, {"changed": {"name": "device position", "object": "DevicePosition object (51)", "fields": ["X", "Y"]}}, {"changed": {"name": "device position", "object": "DevicePosition object (52)", "fields": ["X", "Y"]}}, {"changed": {"name": "device position", "object": "DevicePosition object (53)", "fields": ["X", "Y"]}}, {"changed": {"name": "device position", "object": "DevicePosition object (55)", "fields": ["X", "Y"]}}, {"changed": {"name": "device position", "object": "DevicePosition object (56)", "fields": ["X", "Y"]}}, {"changed": {"name": "device position", "object": "DevicePosition object (57)", "fields": ["X", "Y"]}}, {"changed": {"name": "device position", "object": "DevicePosition object (58)", "fields": ["X", "Y"]}}, {"changed": {"name": "device position", "object": "DevicePosition object (60)", "fields": ["X", "Y"]}}, {"changed": {"name": "device position", "object": "DevicePosition object (61)", "fields": ["X", "Y"]}}, {"changed": {"name": "device position", "object": "DevicePosition object (62)", "fields": ["X", "Y"]}}]	20	1
472	2025-06-16 20:00:13.949363+03	5	OfficeLayout object (5)	2	[{"changed": {"name": "device position", "object": "DevicePosition object (60)", "fields": ["X", "Y"]}}]	20	1
473	2025-06-16 20:01:22.892887+03	5	OfficeLayout object (5)	2	[{"changed": {"name": "device position", "object": "DevicePosition object (56)", "fields": ["Y"]}}]	20	1
474	2025-06-16 20:02:48.453062+03	227	1	2	[{"added": {"name": "device", "object": "\\u041f\\u0440\\u043e\\u0435\\u043a\\u0442\\u043e\\u0440, \\u0418\\u0441\\u043f\\u0440\\u0430\\u0432\\u0435\\u043d"}}, {"changed": {"name": "device", "object": "\\u041c\\u043e\\u043d\\u043e\\u0431\\u043b\\u043e\\u043a, \\u0418\\u0441\\u043f\\u0440\\u0430\\u0432\\u0435\\u043d", "fields": ["Type"]}}, {"changed": {"name": "device", "object": "\\u041f\\u0440\\u0438\\u043d\\u0442\\u0435\\u0440, \\u0418\\u0441\\u043f\\u0440\\u0430\\u0432\\u0435\\u043d", "fields": ["Type"]}}]	12	1
475	2025-06-16 20:03:40.212092+03	228	2	2	[{"changed": {"name": "device", "object": "\\u041c\\u043e\\u043d\\u043e\\u0431\\u043b\\u043e\\u043a, \\u0418\\u0441\\u043f\\u0440\\u0430\\u0432\\u0435\\u043d", "fields": ["Type"]}}, {"deleted": {"name": "device", "object": "\\u041c\\u043e\\u043d\\u0438\\u0442\\u043e\\u0440, \\u0418\\u0441\\u043f\\u0440\\u0430\\u0432\\u0435\\u043d"}}]	12	1
476	2025-06-16 20:03:50.930248+03	229	3	2	[{"changed": {"name": "device", "object": "\\u041c\\u043e\\u043d\\u043e\\u0431\\u043b\\u043e\\u043a, \\u0418\\u0441\\u043f\\u0440\\u0430\\u0432\\u0435\\u043d", "fields": ["Type"]}}, {"deleted": {"name": "device", "object": "\\u041c\\u043e\\u043d\\u0438\\u0442\\u043e\\u0440, \\u0418\\u0441\\u043f\\u0440\\u0430\\u0432\\u0435\\u043d"}}]	12	1
477	2025-06-16 20:03:59.352082+03	230	4	2	[{"changed": {"name": "device", "object": "\\u041c\\u043e\\u043d\\u043e\\u0431\\u043b\\u043e\\u043a, \\u0418\\u0441\\u043f\\u0440\\u0430\\u0432\\u0435\\u043d", "fields": ["Type"]}}, {"deleted": {"name": "device", "object": "\\u041c\\u043e\\u043d\\u0438\\u0442\\u043e\\u0440, \\u0418\\u0441\\u043f\\u0440\\u0430\\u0432\\u0435\\u043d"}}]	12	1
478	2025-06-16 20:04:15.787779+03	231	5	2	[{"changed": {"name": "device", "object": "\\u041c\\u043e\\u043d\\u043e\\u0431\\u043b\\u043e\\u043a, \\u0418\\u0441\\u043f\\u0440\\u0430\\u0432\\u0435\\u043d", "fields": ["Type"]}}, {"deleted": {"name": "device", "object": "\\u041c\\u043e\\u043d\\u0438\\u0442\\u043e\\u0440, \\u0418\\u0441\\u043f\\u0440\\u0430\\u0432\\u0435\\u043d"}}]	12	1
479	2025-06-16 20:04:24.506763+03	232	6	2	[{"changed": {"name": "device", "object": "\\u041c\\u043e\\u043d\\u043e\\u0431\\u043b\\u043e\\u043a, \\u0418\\u0441\\u043f\\u0440\\u0430\\u0432\\u0435\\u043d", "fields": ["Type"]}}, {"deleted": {"name": "device", "object": "\\u041c\\u043e\\u043d\\u0438\\u0442\\u043e\\u0440, \\u0418\\u0441\\u043f\\u0440\\u0430\\u0432\\u0435\\u043d"}}]	12	1
480	2025-06-16 20:04:46.364401+03	233	7	2	[{"changed": {"name": "device", "object": "\\u041c\\u043e\\u043d\\u043e\\u0431\\u043b\\u043e\\u043a, \\u0418\\u0441\\u043f\\u0440\\u0430\\u0432\\u0435\\u043d", "fields": ["Type"]}}, {"deleted": {"name": "device", "object": "\\u041c\\u043e\\u043d\\u0438\\u0442\\u043e\\u0440, \\u0418\\u0441\\u043f\\u0440\\u0430\\u0432\\u0435\\u043d"}}]	12	1
481	2025-06-16 20:04:55.197241+03	234	8	2	[{"changed": {"name": "device", "object": "\\u041c\\u043e\\u043d\\u043e\\u0431\\u043b\\u043e\\u043a, \\u0418\\u0441\\u043f\\u0440\\u0430\\u0432\\u0435\\u043d", "fields": ["Type"]}}, {"deleted": {"name": "device", "object": "\\u041c\\u043e\\u043d\\u0438\\u0442\\u043e\\u0440, \\u0418\\u0441\\u043f\\u0440\\u0430\\u0432\\u0435\\u043d"}}]	12	1
482	2025-06-16 20:05:04.731528+03	235	9	2	[{"changed": {"name": "device", "object": "\\u041c\\u043e\\u043d\\u043e\\u0431\\u043b\\u043e\\u043a, \\u0418\\u0441\\u043f\\u0440\\u0430\\u0432\\u0435\\u043d", "fields": ["Type"]}}, {"deleted": {"name": "device", "object": "\\u041c\\u043e\\u043d\\u0438\\u0442\\u043e\\u0440, \\u0418\\u0441\\u043f\\u0440\\u0430\\u0432\\u0435\\u043d"}}]	12	1
483	2025-06-16 20:05:13.61962+03	236	10	2	[{"changed": {"name": "device", "object": "\\u041c\\u043e\\u043d\\u043e\\u0431\\u043b\\u043e\\u043a, \\u0418\\u0441\\u043f\\u0440\\u0430\\u0432\\u0435\\u043d", "fields": ["Type"]}}, {"deleted": {"name": "device", "object": "\\u041c\\u043e\\u043d\\u0438\\u0442\\u043e\\u0440, \\u0418\\u0441\\u043f\\u0440\\u0430\\u0432\\u0435\\u043d"}}]	12	1
484	2025-06-16 20:05:28.630382+03	237	11	2	[{"changed": {"name": "device", "object": "\\u041c\\u043e\\u043d\\u043e\\u0431\\u043b\\u043e\\u043a, \\u0418\\u0441\\u043f\\u0440\\u0430\\u0432\\u0435\\u043d", "fields": ["Type"]}}, {"deleted": {"name": "device", "object": "\\u041c\\u043e\\u043d\\u0438\\u0442\\u043e\\u0440, \\u0418\\u0441\\u043f\\u0440\\u0430\\u0432\\u0435\\u043d"}}]	12	1
485	2025-06-16 20:05:36.940178+03	238	12	2	[{"changed": {"name": "device", "object": "\\u041c\\u043e\\u043d\\u043e\\u0431\\u043b\\u043e\\u043a, \\u0418\\u0441\\u043f\\u0440\\u0430\\u0432\\u0435\\u043d", "fields": ["Type"]}}, {"deleted": {"name": "device", "object": "\\u041c\\u043e\\u043d\\u0438\\u0442\\u043e\\u0440, \\u0418\\u0441\\u043f\\u0440\\u0430\\u0432\\u0435\\u043d"}}]	12	1
486	2025-06-16 20:05:46.50819+03	239	13	2	[{"changed": {"name": "device", "object": "\\u041c\\u043e\\u043d\\u043e\\u0431\\u043b\\u043e\\u043a, \\u0418\\u0441\\u043f\\u0440\\u0430\\u0432\\u0435\\u043d", "fields": ["Type"]}}, {"deleted": {"name": "device", "object": "\\u041c\\u043e\\u043d\\u0438\\u0442\\u043e\\u0440, \\u0418\\u0441\\u043f\\u0440\\u0430\\u0432\\u0435\\u043d"}}]	12	1
487	2025-06-16 20:05:55.892494+03	240	14	2	[{"changed": {"name": "device", "object": "\\u041c\\u043e\\u043d\\u043e\\u0431\\u043b\\u043e\\u043a, \\u0418\\u0441\\u043f\\u0440\\u0430\\u0432\\u0435\\u043d", "fields": ["Type"]}}, {"deleted": {"name": "device", "object": "\\u041c\\u043e\\u043d\\u0438\\u0442\\u043e\\u0440, \\u0418\\u0441\\u043f\\u0440\\u0430\\u0432\\u0435\\u043d"}}]	12	1
488	2025-06-16 20:06:06.296163+03	241	15	2	[{"changed": {"name": "device", "object": "\\u041c\\u043e\\u043d\\u043e\\u0431\\u043b\\u043e\\u043a, \\u0418\\u0441\\u043f\\u0440\\u0430\\u0432\\u0435\\u043d", "fields": ["Type"]}}, {"deleted": {"name": "device", "object": "\\u041c\\u043e\\u043d\\u0438\\u0442\\u043e\\u0440, \\u0418\\u0441\\u043f\\u0440\\u0430\\u0432\\u0435\\u043d"}}]	12	1
489	2025-06-16 20:06:15.624884+03	242	16	2	[{"changed": {"name": "device", "object": "\\u041c\\u043e\\u043d\\u043e\\u0431\\u043b\\u043e\\u043a, \\u0418\\u0441\\u043f\\u0440\\u0430\\u0432\\u0435\\u043d", "fields": ["Type"]}}, {"deleted": {"name": "device", "object": "\\u041c\\u043e\\u043d\\u0438\\u0442\\u043e\\u0440, \\u0418\\u0441\\u043f\\u0440\\u0430\\u0432\\u0435\\u043d"}}]	12	1
490	2025-06-16 20:06:25.497841+03	243	17	2	[{"changed": {"name": "device", "object": "\\u041c\\u043e\\u043d\\u043e\\u0431\\u043b\\u043e\\u043a, \\u0418\\u0441\\u043f\\u0440\\u0430\\u0432\\u0435\\u043d", "fields": ["Type"]}}, {"deleted": {"name": "device", "object": "\\u041c\\u043e\\u043d\\u0438\\u0442\\u043e\\u0440, \\u0418\\u0441\\u043f\\u0440\\u0430\\u0432\\u0435\\u043d"}}]	12	1
491	2025-06-16 20:08:45.5859+03	244	18	1	[{"added": {}}]	12	1
492	2025-06-16 20:09:41.146265+03	245	19	1	[{"added": {}}]	12	1
493	2025-06-16 20:09:49.062626+03	246	20	1	[{"added": {}}]	12	1
494	2025-06-16 20:09:56.595911+03	247	21	1	[{"added": {}}]	12	1
495	2025-06-16 20:10:16.384214+03	248	22	1	[{"added": {}}]	12	1
496	2025-06-16 20:10:27.799096+03	249	23	1	[{"added": {}}]	12	1
497	2025-06-16 20:10:32.766617+03	250	24	1	[{"added": {}}]	12	1
498	2025-06-16 20:10:37.843278+03	251	25	1	[{"added": {}}]	12	1
499	2025-06-16 20:10:42.870509+03	252	26	1	[{"added": {}}]	12	1
500	2025-06-16 20:10:48.141613+03	253	27	1	[{"added": {}}]	12	1
501	2025-06-16 20:10:58.634688+03	254	28	1	[{"added": {}}]	12	1
502	2025-06-16 20:11:05.378092+03	255	29	1	[{"added": {}}]	12	1
503	2025-06-16 20:11:10.144598+03	256	30	1	[{"added": {}}]	12	1
504	2025-06-16 20:11:17.381129+03	257	31	1	[{"added": {}}]	12	1
505	2025-06-16 20:11:30.079741+03	258	32	1	[{"added": {}}]	12	1
506	2025-06-16 20:11:36.214433+03	259	33	1	[{"added": {}}]	12	1
507	2025-06-16 20:11:43.715709+03	260	34	1	[{"added": {}}]	12	1
529	2025-06-16 20:43:37.641727+03	7	OfficeLayout object (7)	1	[{"added": {}}]	20	1
530	2025-06-16 20:44:04.169231+03	262	26	1	[{"added": {}}]	12	1
531	2025-06-16 20:44:08.355165+03	263	27	1	[{"added": {}}]	12	1
532	2025-06-16 20:46:59.655442+03	262	36	2	[{"changed": {"fields": ["Number"]}}]	12	1
533	2025-06-16 20:47:03.958905+03	263	37	2	[{"changed": {"fields": ["Number"]}}]	12	1
534	2025-06-16 20:47:56.659361+03	264	38	1	[{"added": {}}]	12	1
535	2025-06-16 20:48:03.510112+03	265	39	1	[{"added": {}}]	12	1
536	2025-06-16 20:48:36.362429+03	266	40	1	[{"added": {}}]	12	1
537	2025-06-16 20:48:41.323627+03	267	41	1	[{"added": {}}]	12	1
538	2025-06-16 20:48:46.994942+03	268	42	1	[{"added": {}}]	12	1
539	2025-06-16 20:48:54.045853+03	269	43	1	[{"added": {}}]	12	1
540	2025-06-16 20:48:58.200069+03	270	44	1	[{"added": {}}]	12	1
541	2025-06-16 20:49:02.273604+03	271	45	1	[{"added": {}}]	12	1
508	2025-06-16 20:16:43.310916+03	6	OfficeLayout object (6)	1	[{"added": {}}, {"added": {"name": "device position", "object": "DevicePosition object (64)"}}, {"added": {"name": "device position", "object": "DevicePosition object (65)"}}, {"added": {"name": "device position", "object": "DevicePosition object (66)"}}, {"added": {"name": "device position", "object": "DevicePosition object (67)"}}, {"added": {"name": "device position", "object": "DevicePosition object (68)"}}, {"added": {"name": "device position", "object": "DevicePosition object (69)"}}, {"added": {"name": "device position", "object": "DevicePosition object (70)"}}, {"added": {"name": "device position", "object": "DevicePosition object (71)"}}, {"added": {"name": "device position", "object": "DevicePosition object (72)"}}, {"added": {"name": "device position", "object": "DevicePosition object (73)"}}, {"added": {"name": "device position", "object": "DevicePosition object (74)"}}, {"added": {"name": "device position", "object": "DevicePosition object (75)"}}, {"added": {"name": "device position", "object": "DevicePosition object (76)"}}, {"added": {"name": "device position", "object": "DevicePosition object (77)"}}, {"added": {"name": "device position", "object": "DevicePosition object (78)"}}, {"added": {"name": "device position", "object": "DevicePosition object (79)"}}]	20	1
509	2025-06-16 20:17:29.164814+03	261	35	1	[{"added": {}}]	12	1
510	2025-06-16 20:18:06.460515+03	6	OfficeLayout object (6)	2	[{"added": {"name": "device position", "object": "DevicePosition object (80)"}}]	20	1
511	2025-06-16 20:18:52.646913+03	6	OfficeLayout object (6)	2	[{"changed": {"name": "device position", "object": "DevicePosition object (80)", "fields": ["X"]}}]	20	1
512	2025-06-16 20:20:34.415931+03	260	34	2	[{"changed": {"name": "device", "object": "\\u041c\\u043e\\u043d\\u043e\\u0431\\u043b\\u043e\\u043a, \\u0418\\u0441\\u043f\\u0440\\u0430\\u0432\\u0435\\u043d", "fields": ["Type"]}}, {"deleted": {"name": "device", "object": "\\u041c\\u043e\\u043d\\u0438\\u0442\\u043e\\u0440, \\u0418\\u0441\\u043f\\u0440\\u0430\\u0432\\u0435\\u043d"}}]	12	1
513	2025-06-16 20:20:48.136098+03	259	33	2	[{"changed": {"name": "device", "object": "\\u041c\\u043e\\u043d\\u043e\\u0431\\u043b\\u043e\\u043a, \\u0418\\u0441\\u043f\\u0440\\u0430\\u0432\\u0435\\u043d", "fields": ["Type"]}}, {"deleted": {"name": "device", "object": "\\u041c\\u043e\\u043d\\u0438\\u0442\\u043e\\u0440, \\u0418\\u0441\\u043f\\u0440\\u0430\\u0432\\u0435\\u043d"}}]	12	1
514	2025-06-16 20:21:10.477721+03	258	32	2	[{"changed": {"name": "device", "object": "\\u041c\\u043e\\u043d\\u043e\\u0431\\u043b\\u043e\\u043a, \\u0418\\u0441\\u043f\\u0440\\u0430\\u0432\\u0435\\u043d", "fields": ["Type"]}}, {"deleted": {"name": "device", "object": "\\u041c\\u043e\\u043d\\u0438\\u0442\\u043e\\u0440, \\u0418\\u0441\\u043f\\u0440\\u0430\\u0432\\u0435\\u043d"}}]	12	1
515	2025-06-16 20:21:19.492117+03	257	31	2	[{"changed": {"name": "device", "object": "\\u041c\\u043e\\u043d\\u043e\\u0431\\u043b\\u043e\\u043a, \\u0418\\u0441\\u043f\\u0440\\u0430\\u0432\\u0435\\u043d", "fields": ["Type"]}}, {"deleted": {"name": "device", "object": "\\u041c\\u043e\\u043d\\u0438\\u0442\\u043e\\u0440, \\u0418\\u0441\\u043f\\u0440\\u0430\\u0432\\u0435\\u043d"}}]	12	1
516	2025-06-16 20:21:30.211885+03	256	30	2	[{"changed": {"name": "device", "object": "\\u041c\\u043e\\u043d\\u043e\\u0431\\u043b\\u043e\\u043a, \\u0418\\u0441\\u043f\\u0440\\u0430\\u0432\\u0435\\u043d", "fields": ["Type"]}}, {"deleted": {"name": "device", "object": "\\u041c\\u043e\\u043d\\u0438\\u0442\\u043e\\u0440, \\u0418\\u0441\\u043f\\u0440\\u0430\\u0432\\u0435\\u043d"}}]	12	1
517	2025-06-16 20:21:50.714864+03	255	29	2	[{"changed": {"name": "device", "object": "\\u041c\\u043e\\u043d\\u043e\\u0431\\u043b\\u043e\\u043a, \\u0418\\u0441\\u043f\\u0440\\u0430\\u0432\\u0435\\u043d", "fields": ["Type"]}}, {"deleted": {"name": "device", "object": "\\u041c\\u043e\\u043d\\u0438\\u0442\\u043e\\u0440, \\u0418\\u0441\\u043f\\u0440\\u0430\\u0432\\u0435\\u043d"}}]	12	1
518	2025-06-16 20:22:07.392556+03	253	27	2	[{"changed": {"name": "device", "object": "\\u041c\\u043e\\u043d\\u043e\\u0431\\u043b\\u043e\\u043a, \\u0418\\u0441\\u043f\\u0440\\u0430\\u0432\\u0435\\u043d", "fields": ["Type"]}}, {"deleted": {"name": "device", "object": "\\u041c\\u043e\\u043d\\u0438\\u0442\\u043e\\u0440, \\u0418\\u0441\\u043f\\u0440\\u0430\\u0432\\u0435\\u043d"}}]	12	1
519	2025-06-16 20:22:22.571493+03	252	26	2	[{"changed": {"name": "device", "object": "\\u041c\\u043e\\u043d\\u043e\\u0431\\u043b\\u043e\\u043a, \\u0418\\u0441\\u043f\\u0440\\u0430\\u0432\\u0435\\u043d", "fields": ["Type"]}}, {"deleted": {"name": "device", "object": "\\u041c\\u043e\\u043d\\u0438\\u0442\\u043e\\u0440, \\u0418\\u0441\\u043f\\u0440\\u0430\\u0432\\u0435\\u043d"}}]	12	1
520	2025-06-16 20:22:31.851335+03	251	25	2	[{"changed": {"name": "device", "object": "\\u041c\\u043e\\u043d\\u043e\\u0431\\u043b\\u043e\\u043a, \\u0418\\u0441\\u043f\\u0440\\u0430\\u0432\\u0435\\u043d", "fields": ["Type"]}}, {"deleted": {"name": "device", "object": "\\u041c\\u043e\\u043d\\u0438\\u0442\\u043e\\u0440, \\u0418\\u0441\\u043f\\u0440\\u0430\\u0432\\u0435\\u043d"}}]	12	1
521	2025-06-16 20:22:40.339065+03	250	24	2	[{"changed": {"name": "device", "object": "\\u041c\\u043e\\u043d\\u043e\\u0431\\u043b\\u043e\\u043a, \\u0418\\u0441\\u043f\\u0440\\u0430\\u0432\\u0435\\u043d", "fields": ["Type"]}}, {"deleted": {"name": "device", "object": "\\u041c\\u043e\\u043d\\u0438\\u0442\\u043e\\u0440, \\u0418\\u0441\\u043f\\u0440\\u0430\\u0432\\u0435\\u043d"}}]	12	1
522	2025-06-16 20:22:54.554235+03	249	23	2	[{"changed": {"name": "device", "object": "\\u041c\\u043e\\u043d\\u043e\\u0431\\u043b\\u043e\\u043a, \\u0418\\u0441\\u043f\\u0440\\u0430\\u0432\\u0435\\u043d", "fields": ["Type"]}}, {"deleted": {"name": "device", "object": "\\u041c\\u043e\\u043d\\u0438\\u0442\\u043e\\u0440, \\u0418\\u0441\\u043f\\u0440\\u0430\\u0432\\u0435\\u043d"}}]	12	1
523	2025-06-16 20:23:34.651403+03	248	22	2	[{"changed": {"name": "device", "object": "\\u041c\\u043e\\u043d\\u043e\\u0431\\u043b\\u043e\\u043a, \\u0418\\u0441\\u043f\\u0440\\u0430\\u0432\\u0435\\u043d", "fields": ["Type"]}}, {"deleted": {"name": "device", "object": "\\u041c\\u043e\\u043d\\u0438\\u0442\\u043e\\u0440, \\u0418\\u0441\\u043f\\u0440\\u0430\\u0432\\u0435\\u043d"}}]	12	1
524	2025-06-16 20:23:48.622541+03	247	21	2	[{"changed": {"name": "device", "object": "\\u041c\\u043e\\u043d\\u043e\\u0431\\u043b\\u043e\\u043a, \\u0418\\u0441\\u043f\\u0440\\u0430\\u0432\\u0435\\u043d", "fields": ["Type"]}}, {"deleted": {"name": "device", "object": "\\u041c\\u043e\\u043d\\u0438\\u0442\\u043e\\u0440, \\u0418\\u0441\\u043f\\u0440\\u0430\\u0432\\u0435\\u043d"}}]	12	1
525	2025-06-16 20:23:59.464993+03	246	20	2	[{"changed": {"name": "device", "object": "\\u041c\\u043e\\u043d\\u043e\\u0431\\u043b\\u043e\\u043a, \\u0418\\u0441\\u043f\\u0440\\u0430\\u0432\\u0435\\u043d", "fields": ["Type"]}}, {"deleted": {"name": "device", "object": "\\u041c\\u043e\\u043d\\u0438\\u0442\\u043e\\u0440, \\u0418\\u0441\\u043f\\u0440\\u0430\\u0432\\u0435\\u043d"}}]	12	1
526	2025-06-16 20:24:08.203018+03	245	19	2	[{"changed": {"name": "device", "object": "\\u041c\\u043e\\u043d\\u043e\\u0431\\u043b\\u043e\\u043a, \\u0418\\u0441\\u043f\\u0440\\u0430\\u0432\\u0435\\u043d", "fields": ["Type"]}}, {"deleted": {"name": "device", "object": "\\u041c\\u043e\\u043d\\u0438\\u0442\\u043e\\u0440, \\u0418\\u0441\\u043f\\u0440\\u0430\\u0432\\u0435\\u043d"}}]	12	1
527	2025-06-16 20:24:17.769611+03	244	18	2	[{"changed": {"name": "device", "object": "\\u041c\\u043e\\u043d\\u043e\\u0431\\u043b\\u043e\\u043a, \\u0418\\u0441\\u043f\\u0440\\u0430\\u0432\\u0435\\u043d", "fields": ["Type"]}}, {"deleted": {"name": "device", "object": "\\u041c\\u043e\\u043d\\u0438\\u0442\\u043e\\u0440, \\u0418\\u0441\\u043f\\u0440\\u0430\\u0432\\u0435\\u043d"}}]	12	1
528	2025-06-16 20:24:27.116071+03	254	28	2	[{"changed": {"name": "device", "object": "\\u041c\\u043e\\u043d\\u043e\\u0431\\u043b\\u043e\\u043a, \\u0418\\u0441\\u043f\\u0440\\u0430\\u0432\\u0435\\u043d", "fields": ["Type"]}}, {"deleted": {"name": "device", "object": "\\u041c\\u043e\\u043d\\u0438\\u0442\\u043e\\u0440, \\u0418\\u0441\\u043f\\u0440\\u0430\\u0432\\u0435\\u043d"}}]	12	1
542	2025-06-16 20:49:06.504471+03	272	46	1	[{"added": {}}]	12	1
543	2025-06-16 20:49:12.123078+03	273	47	1	[{"added": {}}]	12	1
544	2025-06-16 20:49:16.389822+03	274	48	1	[{"added": {}}]	12	1
545	2025-06-16 20:49:25.937353+03	275	49	1	[{"added": {}}]	12	1
546	2025-06-16 20:49:34.464994+03	276	50	1	[{"added": {}}]	12	1
547	2025-06-16 20:49:43.620482+03	277	51	1	[{"added": {}}]	12	1
548	2025-06-16 20:49:49.491619+03	278	52	1	[{"added": {}}]	12	1
549	2025-06-16 20:49:58.863132+03	279	53	1	[{"added": {}}]	12	1
550	2025-06-16 20:54:16.428298+03	7	OfficeLayout object (7)	2	[{"added": {"name": "device position", "object": "DevicePosition object (81)"}}, {"added": {"name": "device position", "object": "DevicePosition object (82)"}}, {"added": {"name": "device position", "object": "DevicePosition object (83)"}}, {"added": {"name": "device position", "object": "DevicePosition object (84)"}}, {"added": {"name": "device position", "object": "DevicePosition object (85)"}}, {"added": {"name": "device position", "object": "DevicePosition object (86)"}}, {"added": {"name": "device position", "object": "DevicePosition object (87)"}}, {"added": {"name": "device position", "object": "DevicePosition object (88)"}}, {"added": {"name": "device position", "object": "DevicePosition object (89)"}}, {"added": {"name": "device position", "object": "DevicePosition object (90)"}}, {"added": {"name": "device position", "object": "DevicePosition object (91)"}}, {"added": {"name": "device position", "object": "DevicePosition object (92)"}}, {"added": {"name": "device position", "object": "DevicePosition object (93)"}}, {"added": {"name": "device position", "object": "DevicePosition object (94)"}}, {"added": {"name": "device position", "object": "DevicePosition object (95)"}}, {"added": {"name": "device position", "object": "DevicePosition object (96)"}}, {"added": {"name": "device position", "object": "DevicePosition object (97)"}}]	20	1
551	2025-06-16 20:57:25.861148+03	7	OfficeLayout object (7)	2	[{"changed": {"name": "device position", "object": "DevicePosition object (96)", "fields": ["Y"]}}, {"changed": {"name": "device position", "object": "DevicePosition object (97)", "fields": ["Y"]}}]	20	1
552	2025-06-16 20:58:58.224659+03	7	OfficeLayout object (7)	2	[{"changed": {"name": "device position", "object": "DevicePosition object (82)", "fields": ["X", "Y"]}}, {"changed": {"name": "device position", "object": "DevicePosition object (83)", "fields": ["X", "Y"]}}, {"changed": {"name": "device position", "object": "DevicePosition object (84)", "fields": ["X", "Y"]}}, {"changed": {"name": "device position", "object": "DevicePosition object (85)", "fields": ["X", "Y"]}}, {"changed": {"name": "device position", "object": "DevicePosition object (86)", "fields": ["X", "Y"]}}, {"changed": {"name": "device position", "object": "DevicePosition object (87)", "fields": ["X"]}}, {"changed": {"name": "device position", "object": "DevicePosition object (88)", "fields": ["X", "Y"]}}, {"changed": {"name": "device position", "object": "DevicePosition object (89)", "fields": ["Y"]}}, {"changed": {"name": "device position", "object": "DevicePosition object (90)", "fields": ["Y"]}}, {"changed": {"name": "device position", "object": "DevicePosition object (91)", "fields": ["X", "Y"]}}, {"changed": {"name": "device position", "object": "DevicePosition object (92)", "fields": ["X", "Y"]}}, {"changed": {"name": "device position", "object": "DevicePosition object (93)", "fields": ["X"]}}, {"changed": {"name": "device position", "object": "DevicePosition object (94)", "fields": ["X", "Y"]}}, {"changed": {"name": "device position", "object": "DevicePosition object (95)", "fields": ["X", "Y"]}}, {"changed": {"name": "device position", "object": "DevicePosition object (96)", "fields": ["X", "Y"]}}, {"changed": {"name": "device position", "object": "DevicePosition object (97)", "fields": ["X", "Y"]}}]	20	1
553	2025-06-16 21:00:14.322999+03	271	45	2	[{"added": {"name": "device", "object": "\\u041f\\u0440\\u0438\\u043d\\u0442\\u0435\\u0440, \\u0418\\u0441\\u043f\\u0440\\u0430\\u0432\\u0435\\u043d"}}]	12	1
554	2025-06-16 21:00:59.630475+03	1	1	2	[{"changed": {"fields": ["Bodies"]}}]	10	1
555	2025-06-16 21:01:23.365604+03	4	4	2	[{"changed": {"fields": ["Bodies"]}}]	10	1
556	2025-06-16 21:03:06.815769+03	2	2	2	[{"changed": {"fields": ["Bodies"]}}]	10	1
557	2025-06-16 21:14:06.753067+03	280	54	1	[{"added": {}}]	12	1
558	2025-06-16 21:14:21.059638+03	281	55	1	[{"added": {}}]	12	1
559	2025-06-16 21:14:27.932465+03	282	56	1	[{"added": {}}]	12	1
560	2025-06-16 21:14:34.72061+03	283	57	1	[{"added": {}}]	12	1
561	2025-06-16 21:14:40.42518+03	284	58	1	[{"added": {}}]	12	1
562	2025-06-16 21:14:47.30596+03	285	59	1	[{"added": {}}]	12	1
563	2025-06-16 21:14:53.454964+03	286	60	1	[{"added": {}}]	12	1
564	2025-06-16 21:15:00.462418+03	287	61	1	[{"added": {}}]	12	1
565	2025-06-16 21:15:06.387435+03	288	62	1	[{"added": {}}]	12	1
566	2025-06-16 21:15:13.933176+03	289	63	1	[{"added": {}}]	12	1
567	2025-06-16 21:15:20.212031+03	290	64	1	[{"added": {}}]	12	1
568	2025-06-16 21:15:25.846623+03	291	65	1	[{"added": {}}]	12	1
569	2025-06-16 21:15:30.899319+03	292	66	1	[{"added": {}}]	12	1
570	2025-06-16 21:15:41.166655+03	293	67	1	[{"added": {}}]	12	1
571	2025-06-16 21:15:46.809859+03	294	68	1	[{"added": {}}]	12	1
572	2025-06-16 21:15:51.220337+03	295	69	1	[{"added": {}}]	12	1
573	2025-06-16 21:15:57.345554+03	296	70	1	[{"added": {}}]	12	1
574	2025-06-16 21:16:07.289969+03	297	71	1	[{"added": {}}]	12	1
575	2025-06-16 21:16:12.337958+03	298	72	1	[{"added": {}}]	12	1
576	2025-06-16 21:16:17.230637+03	299	73	1	[{"added": {}}]	12	1
577	2025-06-16 21:16:23.603157+03	300	74	1	[{"added": {}}]	12	1
578	2025-06-16 21:16:32.375075+03	301	75	1	[{"added": {}}]	12	1
594	2025-06-16 21:35:18.788982+03	280	54	2	[{"added": {"name": "device", "object": "\\u041f\\u0440\\u043e\\u0435\\u043a\\u0442\\u043e\\u0440, \\u0418\\u0441\\u043f\\u0440\\u0430\\u0432\\u0435\\u043d"}}, {"added": {"name": "device", "object": "\\u041f\\u0440\\u0438\\u043d\\u0442\\u0435\\u0440, \\u0418\\u0441\\u043f\\u0440\\u0430\\u0432\\u0435\\u043d"}}]	12	1
595	2025-06-16 21:36:06.773042+03	8	OfficeLayout object (8)	2	[{"changed": {"name": "device position", "object": "DevicePosition object (124)", "fields": ["X"]}}, {"changed": {"name": "device position", "object": "DevicePosition object (125)", "fields": ["X"]}}, {"changed": {"name": "device position", "object": "DevicePosition object (126)", "fields": ["X"]}}, {"changed": {"name": "device position", "object": "DevicePosition object (127)", "fields": ["X"]}}]	20	1
599	2025-06-16 22:31:13.688518+03	314	88	1	[{"added": {}}]	12	1
600	2025-06-16 22:31:19.861908+03	315	89	1	[{"added": {}}]	12	1
601	2025-06-16 22:31:25.205809+03	316	90	1	[{"added": {}}]	12	1
602	2025-06-16 22:31:31.701993+03	317	91	1	[{"added": {}}]	12	1
603	2025-06-16 22:31:38.621819+03	318	92	1	[{"added": {}}]	12	1
604	2025-06-16 22:31:46.237706+03	319	93	1	[{"added": {}}]	12	1
605	2025-06-16 22:31:51.82834+03	320	94	1	[{"added": {}}]	12	1
606	2025-06-16 22:32:00.492625+03	321	95	1	[{"added": {}}]	12	1
607	2025-06-16 22:32:09.167953+03	322	96	1	[{"added": {}}]	12	1
608	2025-06-16 22:32:15.274482+03	323	97	1	[{"added": {}}]	12	1
579	2025-06-16 21:19:49.384698+03	8	OfficeLayout object (8)	1	[{"added": {}}, {"added": {"name": "device position", "object": "DevicePosition object (98)"}}, {"added": {"name": "device position", "object": "DevicePosition object (99)"}}, {"added": {"name": "device position", "object": "DevicePosition object (100)"}}, {"added": {"name": "device position", "object": "DevicePosition object (101)"}}, {"added": {"name": "device position", "object": "DevicePosition object (102)"}}, {"added": {"name": "device position", "object": "DevicePosition object (103)"}}, {"added": {"name": "device position", "object": "DevicePosition object (104)"}}, {"added": {"name": "device position", "object": "DevicePosition object (105)"}}, {"added": {"name": "device position", "object": "DevicePosition object (106)"}}, {"added": {"name": "device position", "object": "DevicePosition object (107)"}}, {"added": {"name": "device position", "object": "DevicePosition object (108)"}}, {"added": {"name": "device position", "object": "DevicePosition object (109)"}}, {"added": {"name": "device position", "object": "DevicePosition object (110)"}}, {"added": {"name": "device position", "object": "DevicePosition object (111)"}}, {"added": {"name": "device position", "object": "DevicePosition object (112)"}}, {"added": {"name": "device position", "object": "DevicePosition object (113)"}}, {"added": {"name": "device position", "object": "DevicePosition object (114)"}}, {"added": {"name": "device position", "object": "DevicePosition object (115)"}}, {"added": {"name": "device position", "object": "DevicePosition object (116)"}}, {"added": {"name": "device position", "object": "DevicePosition object (117)"}}]	20	1
580	2025-06-16 21:21:42.78619+03	8	OfficeLayout object (8)	2	[{"changed": {"name": "device position", "object": "DevicePosition object (98)", "fields": ["X", "Y"]}}, {"changed": {"name": "device position", "object": "DevicePosition object (99)", "fields": ["X", "Y"]}}, {"changed": {"name": "device position", "object": "DevicePosition object (101)", "fields": ["X", "Y"]}}, {"changed": {"name": "device position", "object": "DevicePosition object (102)", "fields": ["X", "Y"]}}, {"changed": {"name": "device position", "object": "DevicePosition object (103)", "fields": ["X", "Y"]}}, {"changed": {"name": "device position", "object": "DevicePosition object (104)", "fields": ["X", "Y"]}}, {"changed": {"name": "device position", "object": "DevicePosition object (105)", "fields": ["X", "Y"]}}, {"changed": {"name": "device position", "object": "DevicePosition object (106)", "fields": ["X", "Y"]}}, {"changed": {"name": "device position", "object": "DevicePosition object (108)", "fields": ["X", "Y"]}}, {"changed": {"name": "device position", "object": "DevicePosition object (109)", "fields": ["X", "Y"]}}, {"changed": {"name": "device position", "object": "DevicePosition object (110)", "fields": ["X", "Y"]}}, {"changed": {"name": "device position", "object": "DevicePosition object (111)", "fields": ["X", "Y"]}}, {"changed": {"name": "device position", "object": "DevicePosition object (112)", "fields": ["X", "Y"]}}, {"changed": {"name": "device position", "object": "DevicePosition object (113)", "fields": ["X", "Y"]}}, {"changed": {"name": "device position", "object": "DevicePosition object (115)", "fields": ["X", "Y"]}}, {"changed": {"name": "device position", "object": "DevicePosition object (116)", "fields": ["X", "Y"]}}, {"changed": {"name": "device position", "object": "DevicePosition object (117)", "fields": ["X", "Y"]}}]	20	1
581	2025-06-16 21:22:34.837194+03	302	76	1	[{"added": {}}]	12	1
582	2025-06-16 21:22:40.954849+03	303	77	1	[{"added": {}}]	12	1
583	2025-06-16 21:22:45.615184+03	304	78	1	[{"added": {}}]	12	1
584	2025-06-16 21:22:50.420128+03	305	79	1	[{"added": {}}]	12	1
585	2025-06-16 21:22:58.834985+03	306	80	1	[{"added": {}}]	12	1
586	2025-06-16 21:23:05.828261+03	307	81	1	[{"added": {}}]	12	1
587	2025-06-16 21:23:16.115062+03	308	82	1	[{"added": {}}]	12	1
588	2025-06-16 21:24:29.330955+03	309	83	1	[{"added": {}}]	12	1
589	2025-06-16 21:24:34.292957+03	310	84	1	[{"added": {}}]	12	1
590	2025-06-16 21:24:58.436+03	8	OfficeLayout object (8)	2	[{"added": {"name": "device position", "object": "DevicePosition object (118)"}}, {"added": {"name": "device position", "object": "DevicePosition object (119)"}}, {"added": {"name": "device position", "object": "DevicePosition object (120)"}}, {"added": {"name": "device position", "object": "DevicePosition object (121)"}}, {"added": {"name": "device position", "object": "DevicePosition object (122)"}}, {"added": {"name": "device position", "object": "DevicePosition object (123)"}}, {"added": {"name": "device position", "object": "DevicePosition object (124)"}}, {"added": {"name": "device position", "object": "DevicePosition object (125)"}}, {"added": {"name": "device position", "object": "DevicePosition object (126)"}}, {"added": {"name": "device position", "object": "DevicePosition object (127)"}}, {"changed": {"name": "device position", "object": "DevicePosition object (117)", "fields": ["X"]}}]	20	1
591	2025-06-16 21:30:45.955311+03	8	OfficeLayout object (8)	2	[{"changed": {"name": "device position", "object": "DevicePosition object (98)", "fields": ["X"]}}, {"changed": {"name": "device position", "object": "DevicePosition object (99)", "fields": ["X"]}}, {"changed": {"name": "device position", "object": "DevicePosition object (100)", "fields": ["X"]}}, {"changed": {"name": "device position", "object": "DevicePosition object (101)", "fields": ["X"]}}, {"changed": {"name": "device position", "object": "DevicePosition object (102)", "fields": ["X"]}}, {"changed": {"name": "device position", "object": "DevicePosition object (103)", "fields": ["X"]}}, {"changed": {"name": "device position", "object": "DevicePosition object (104)", "fields": ["X"]}}, {"changed": {"name": "device position", "object": "DevicePosition object (105)", "fields": ["X"]}}, {"changed": {"name": "device position", "object": "DevicePosition object (106)", "fields": ["X"]}}, {"changed": {"name": "device position", "object": "DevicePosition object (107)", "fields": ["X"]}}, {"changed": {"name": "device position", "object": "DevicePosition object (108)", "fields": ["X"]}}, {"changed": {"name": "device position", "object": "DevicePosition object (109)", "fields": ["X"]}}, {"changed": {"name": "device position", "object": "DevicePosition object (110)", "fields": ["X"]}}, {"changed": {"name": "device position", "object": "DevicePosition object (118)", "fields": ["X"]}}, {"changed": {"name": "device position", "object": "DevicePosition object (119)", "fields": ["X"]}}, {"changed": {"name": "device position", "object": "DevicePosition object (120)", "fields": ["X"]}}, {"changed": {"name": "device position", "object": "DevicePosition object (121)", "fields": ["X"]}}, {"changed": {"name": "device position", "object": "DevicePosition object (122)", "fields": ["X"]}}, {"changed": {"name": "device position", "object": "DevicePosition object (123)", "fields": ["X"]}}, {"changed": {"name": "device position", "object": "DevicePosition object (124)", "fields": ["X", "Y"]}}, {"changed": {"name": "device position", "object": "DevicePosition object (125)", "fields": ["X", "Y"]}}, {"changed": {"name": "device position", "object": "DevicePosition object (126)", "fields": ["X", "Y"]}}, {"changed": {"name": "device position", "object": "DevicePosition object (127)", "fields": ["X", "Y"]}}]	20	1
592	2025-06-16 21:32:17.122171+03	8	OfficeLayout object (8)	2	[{"changed": {"name": "device position", "object": "DevicePosition object (98)", "fields": ["X"]}}, {"changed": {"name": "device position", "object": "DevicePosition object (105)", "fields": ["X"]}}, {"changed": {"name": "device position", "object": "DevicePosition object (106)", "fields": ["X"]}}, {"changed": {"name": "device position", "object": "DevicePosition object (107)", "fields": ["X"]}}, {"changed": {"name": "device position", "object": "DevicePosition object (108)", "fields": ["X"]}}, {"changed": {"name": "device position", "object": "DevicePosition object (109)", "fields": ["X"]}}, {"changed": {"name": "device position", "object": "DevicePosition object (110)", "fields": ["X"]}}, {"changed": {"name": "device position", "object": "DevicePosition object (112)", "fields": ["X"]}}, {"changed": {"name": "device position", "object": "DevicePosition object (113)", "fields": ["X"]}}, {"changed": {"name": "device position", "object": "DevicePosition object (114)", "fields": ["X"]}}, {"changed": {"name": "device position", "object": "DevicePosition object (115)", "fields": ["X"]}}, {"changed": {"name": "device position", "object": "DevicePosition object (116)", "fields": ["X"]}}, {"changed": {"name": "device position", "object": "DevicePosition object (117)", "fields": ["X"]}}, {"changed": {"name": "device position", "object": "DevicePosition object (118)", "fields": ["X"]}}, {"changed": {"name": "device position", "object": "DevicePosition object (119)", "fields": ["X"]}}, {"changed": {"name": "device position", "object": "DevicePosition object (120)", "fields": ["X"]}}, {"changed": {"name": "device position", "object": "DevicePosition object (121)", "fields": ["X"]}}, {"changed": {"name": "device position", "object": "DevicePosition object (122)", "fields": ["X"]}}, {"changed": {"name": "device position", "object": "DevicePosition object (123)", "fields": ["X"]}}]	20	1
593	2025-06-16 21:34:22.994796+03	8	OfficeLayout object (8)	2	[{"changed": {"name": "device position", "object": "DevicePosition object (111)", "fields": ["X"]}}, {"changed": {"name": "device position", "object": "DevicePosition object (117)", "fields": ["X"]}}]	20	1
596	2025-06-16 22:30:47.623102+03	311	85	1	[{"added": {}}]	12	1
597	2025-06-16 22:31:02.112905+03	312	86	1	[{"added": {}}]	12	1
598	2025-06-16 22:31:08.451062+03	313	87	1	[{"added": {}}]	12	1
609	2025-06-16 22:32:20.403777+03	324	98	1	[{"added": {}}]	12	1
610	2025-06-16 22:32:25.712885+03	325	99	1	[{"added": {}}]	12	1
611	2025-06-16 22:32:32.622766+03	326	100	1	[{"added": {}}]	12	1
612	2025-06-16 22:32:43.884978+03	327	101	1	[{"added": {}}]	12	1
613	2025-06-16 22:32:53.179761+03	328	102	1	[{"added": {}}]	12	1
614	2025-06-16 22:33:00.756227+03	329	103	1	[{"added": {}}]	12	1
615	2025-06-16 22:34:11.102639+03	9	OfficeLayout object (9)	1	[{"added": {}}, {"added": {"name": "device position", "object": "DevicePosition object (128)"}}, {"added": {"name": "device position", "object": "DevicePosition object (129)"}}, {"added": {"name": "device position", "object": "DevicePosition object (130)"}}, {"added": {"name": "device position", "object": "DevicePosition object (131)"}}, {"added": {"name": "device position", "object": "DevicePosition object (132)"}}, {"added": {"name": "device position", "object": "DevicePosition object (133)"}}, {"added": {"name": "device position", "object": "DevicePosition object (134)"}}, {"added": {"name": "device position", "object": "DevicePosition object (135)"}}, {"added": {"name": "device position", "object": "DevicePosition object (136)"}}, {"added": {"name": "device position", "object": "DevicePosition object (137)"}}, {"added": {"name": "device position", "object": "DevicePosition object (138)"}}, {"added": {"name": "device position", "object": "DevicePosition object (139)"}}, {"added": {"name": "device position", "object": "DevicePosition object (140)"}}, {"added": {"name": "device position", "object": "DevicePosition object (141)"}}, {"added": {"name": "device position", "object": "DevicePosition object (142)"}}, {"added": {"name": "device position", "object": "DevicePosition object (143)"}}, {"added": {"name": "device position", "object": "DevicePosition object (144)"}}]	20	1
616	2025-06-16 22:34:59.366639+03	9	OfficeLayout object (9)	2	[{"changed": {"name": "device position", "object": "DevicePosition object (144)", "fields": ["X", "Y"]}}]	20	1
617	2025-06-16 22:35:47.905188+03	327	101	2	[{"added": {"name": "device", "object": "\\u041f\\u0440\\u0438\\u043d\\u0442\\u0435\\u0440, \\u0418\\u0441\\u043f\\u0440\\u0430\\u0432\\u0435\\u043d"}}]	12	1
618	2025-06-16 22:37:48.432698+03	9	OfficeLayout object (9)	2	[{"changed": {"name": "device position", "object": "DevicePosition object (144)", "fields": ["X"]}}]	20	1
619	2025-06-16 22:38:44.157285+03	330	102	1	[{"added": {}}]	12	1
620	2025-06-16 22:39:03.864327+03	331	103	1	[{"added": {}}]	12	1
621	2025-06-16 22:39:11.123005+03	332	104	1	[{"added": {}}]	12	1
622	2025-06-16 22:39:17.471092+03	333	105	1	[{"added": {}}]	12	1
623	2025-06-16 22:40:01.267653+03	334	106	1	[{"added": {}}]	12	1
624	2025-06-16 22:40:07.789026+03	335	107	1	[{"added": {}}]	12	1
625	2025-06-16 22:40:13.349146+03	336	108	1	[{"added": {}}]	12	1
626	2025-06-16 22:40:18.911367+03	337	109	1	[{"added": {}}]	12	1
627	2025-06-16 22:40:26.300912+03	338	110	1	[{"added": {}}]	12	1
628	2025-06-16 22:40:34.191908+03	339	111	1	[{"added": {}}]	12	1
629	2025-06-16 22:40:48.788723+03	340	112	1	[{"added": {}}]	12	1
630	2025-06-16 22:40:57.353592+03	341	113	1	[{"added": {}}]	12	1
631	2025-06-16 22:41:03.243493+03	342	114	1	[{"added": {}}]	12	1
632	2025-06-16 22:41:10.376021+03	343	115	1	[{"added": {}}]	12	1
633	2025-06-16 22:41:16.907211+03	344	116	1	[{"added": {}}]	12	1
634	2025-06-16 22:41:23.387744+03	345	117	1	[{"added": {}}]	12	1
635	2025-06-16 22:41:30.783166+03	346	118	1	[{"added": {}}]	12	1
636	2025-06-16 22:42:51.204083+03	347	119	1	[{"added": {}}]	12	1
637	2025-06-16 22:42:58.180616+03	348	120	1	[{"added": {}}]	12	1
638	2025-06-16 22:43:05.636765+03	349	121	1	[{"added": {}}]	12	1
639	2025-06-16 22:43:12.292724+03	350	122	1	[{"added": {}}]	12	1
640	2025-06-16 22:43:27.117666+03	10	OfficeLayout object (10)	1	[{"added": {}}, {"added": {"name": "device position", "object": "DevicePosition object (145)"}}, {"added": {"name": "device position", "object": "DevicePosition object (146)"}}, {"added": {"name": "device position", "object": "DevicePosition object (147)"}}, {"added": {"name": "device position", "object": "DevicePosition object (148)"}}, {"added": {"name": "device position", "object": "DevicePosition object (149)"}}, {"added": {"name": "device position", "object": "DevicePosition object (150)"}}, {"added": {"name": "device position", "object": "DevicePosition object (151)"}}, {"added": {"name": "device position", "object": "DevicePosition object (152)"}}, {"added": {"name": "device position", "object": "DevicePosition object (153)"}}, {"added": {"name": "device position", "object": "DevicePosition object (154)"}}, {"added": {"name": "device position", "object": "DevicePosition object (155)"}}, {"added": {"name": "device position", "object": "DevicePosition object (156)"}}, {"added": {"name": "device position", "object": "DevicePosition object (157)"}}, {"added": {"name": "device position", "object": "DevicePosition object (158)"}}, {"added": {"name": "device position", "object": "DevicePosition object (159)"}}, {"added": {"name": "device position", "object": "DevicePosition object (160)"}}, {"added": {"name": "device position", "object": "DevicePosition object (161)"}}, {"added": {"name": "device position", "object": "DevicePosition object (162)"}}, {"added": {"name": "device position", "object": "DevicePosition object (163)"}}, {"added": {"name": "device position", "object": "DevicePosition object (164)"}}, {"added": {"name": "device position", "object": "DevicePosition object (165)"}}]	20	1
641	2025-06-16 22:46:30.88259+03	10	OfficeLayout object (10)	2	[{"changed": {"name": "device position", "object": "DevicePosition object (146)", "fields": ["X", "Y"]}}, {"changed": {"name": "device position", "object": "DevicePosition object (147)", "fields": ["X", "Y"]}}, {"changed": {"name": "device position", "object": "DevicePosition object (148)", "fields": ["X", "Y"]}}, {"changed": {"name": "device position", "object": "DevicePosition object (149)", "fields": ["X", "Y"]}}, {"changed": {"name": "device position", "object": "DevicePosition object (151)", "fields": ["X", "Y"]}}, {"changed": {"name": "device position", "object": "DevicePosition object (152)", "fields": ["X", "Y"]}}, {"changed": {"name": "device position", "object": "DevicePosition object (153)", "fields": ["X", "Y"]}}, {"changed": {"name": "device position", "object": "DevicePosition object (154)", "fields": ["X", "Y"]}}, {"changed": {"name": "device position", "object": "DevicePosition object (156)", "fields": ["X", "Y"]}}, {"changed": {"name": "device position", "object": "DevicePosition object (157)", "fields": ["X", "Y"]}}, {"changed": {"name": "device position", "object": "DevicePosition object (158)", "fields": ["X", "Y"]}}, {"changed": {"name": "device position", "object": "DevicePosition object (159)", "fields": ["X", "Y"]}}, {"changed": {"name": "device position", "object": "DevicePosition object (161)", "fields": ["X", "Y"]}}, {"changed": {"name": "device position", "object": "DevicePosition object (162)", "fields": ["X", "Y"]}}, {"changed": {"name": "device position", "object": "DevicePosition object (163)", "fields": ["X", "Y"]}}, {"changed": {"name": "device position", "object": "DevicePosition object (164)", "fields": ["X", "Y"]}}]	20	1
642	2025-06-16 22:47:12.355758+03	350	122	2	[{"added": {"name": "device", "object": "\\u041f\\u0440\\u0438\\u043d\\u0442\\u0435\\u0440, \\u0418\\u0441\\u043f\\u0440\\u0430\\u0432\\u0435\\u043d"}}]	12	1
643	2025-06-16 22:47:18.307098+03	10	OfficeLayout object (10)	2	[{"changed": {"name": "device position", "object": "DevicePosition object (165)", "fields": ["X", "Y"]}}]	20	1
\.


--
-- Data for Name: django_content_type; Type: TABLE DATA; Schema: public; Owner: postgres
--

COPY public.django_content_type (id, app_label, model) FROM stdin;
1	admin	logentry
2	auth	permission
3	auth	group
4	auth	user
5	contenttypes	contenttype
6	sessions	session
7	type_devices	typedevice
8	body	body
9	body	status
10	body	floor
11	body	office
12	body	packagedevice
13	body	device
14	body	application
15	chat	chat
16	chat	user
17	chat	message
18	body	schedule
19	body	breakdowntype
20	body	officelayout
21	body	deviceposition
22	account	profile
23	account	userprofile
24	body	telegramuser
\.


--
-- Data for Name: django_migrations; Type: TABLE DATA; Schema: public; Owner: postgres
--

COPY public.django_migrations (id, app, name, applied) FROM stdin;
1	contenttypes	0001_initial	2025-01-29 10:52:02.696876+03
2	auth	0001_initial	2025-01-29 10:52:02.815605+03
3	admin	0001_initial	2025-01-29 10:52:02.847733+03
4	admin	0002_logentry_remove_auto_add	2025-01-29 10:52:02.857875+03
5	admin	0003_logentry_add_action_flag_choices	2025-01-29 10:52:02.869158+03
6	contenttypes	0002_remove_content_type_name	2025-01-29 10:52:02.895116+03
7	auth	0002_alter_permission_name_max_length	2025-01-29 10:52:02.908197+03
8	auth	0003_alter_user_email_max_length	2025-01-29 10:52:02.920928+03
9	auth	0004_alter_user_username_opts	2025-01-29 10:52:02.930797+03
10	auth	0005_alter_user_last_login_null	2025-01-29 10:52:02.942772+03
11	auth	0006_require_contenttypes_0002	2025-01-29 10:52:02.945277+03
12	auth	0007_alter_validators_add_error_messages	2025-01-29 10:52:02.95608+03
13	auth	0008_alter_user_username_max_length	2025-01-29 10:52:02.97422+03
14	auth	0009_alter_user_last_name_max_length	2025-01-29 10:52:02.987307+03
15	auth	0010_alter_group_name_max_length	2025-01-29 10:52:02.999562+03
16	auth	0011_update_proxy_permissions	2025-01-29 10:52:03.017358+03
17	auth	0012_alter_user_first_name_max_length	2025-01-29 10:52:03.027899+03
18	type_devices	0001_initial	2025-01-29 10:52:03.038203+03
19	body	0001_initial	2025-01-29 10:52:03.176058+03
20	chat	0001_initial	2025-01-29 10:52:03.224238+03
21	sessions	0001_initial	2025-01-29 10:52:03.242383+03
22	chat	0002_alter_message_person1_delete_user	2025-01-29 11:20:47.796124+03
23	body	0002_remove_floor_body_alter_body_address	2025-01-29 12:32:07.019101+03
24	body	0003_schedule	2025-02-13 12:24:51.331467+03
25	body	0004_breakdowntype	2025-03-04 13:24:23.239782+03
26	body	0005_application_breakdown_type	2025-03-04 13:33:51.127333+03
27	body	0006_officelayout_deviceposition	2025-04-28 11:18:02.105507+03
28	account	0001_initial	2025-05-05 23:17:38.980653+03
29	account	0002_delete_profile	2025-05-05 23:22:29.710482+03
30	account	0003_initial	2025-05-06 22:48:51.866929+03
31	body	0007_floor_body	2025-05-15 14:30:47.989978+03
32	body	0008_remove_floor_body	2025-05-15 14:32:10.230388+03
33	body	0009_floor_body_alter_floor_unique_together	2025-05-15 15:21:25.244722+03
34	body	0009_floor_bodies	2025-05-15 15:38:13.53712+03
35	body	0010_alter_application_data_alter_body_number_and_more	2025-05-20 21:58:54.071388+03
36	body	0011_telegramuser	2025-06-13 11:02:09.460978+03
\.


--
-- Data for Name: django_session; Type: TABLE DATA; Schema: public; Owner: postgres
--

COPY public.django_session (session_key, session_data, expire_date) FROM stdin;
sgzwkkutjyu3qnft93zpy5xoxplrzgt3	.eJxVjEsOAiEQBe_C2hBo_i7dewbS0CijBpJhZmW8uyGZhW5fVb03i7hvNe6jrHEhdmbATr9bwvwsbQJ6YLt3nnvb1iXxqfCDDn7tVF6Xw_07qDjqrMkmrRUqRe7myIksUYNyUmTtSOUUgvMeEEhIFMViKGCMlSIFCV4b9vkC2TM3Aw:1td3LU:rYEZxak4RRE_8scy7SXYCeu0MVNhYwelQLgYdlXSbc4	2025-02-12 11:22:48.766418+03
2hzakbzikf0harmru1qk9ez6lyrovy8g	.eJxVjL0OwyAQg9-FuUIk3AHq2L3PgO74KWkrIoVkivruJVKGdrFkf7Z34Wlbi99aWvwUxVUM4vKbMYVXqgeIT6qPWYa5rsvE8qjIkzZ5n2N6387u30GhVvpaU1AmImqFLkfGAe2IgE5DtlpF1l0caeg4sAOCzAa6N8oAjtaIzxe6CTZ2:1td3Mq:iVUuQemdQPd8JTOIZXOX5UGIvfFHlBd151LZKPtoDm4	2025-02-12 11:24:12.293134+03
s6uam3d0f4wndy5jwvqg776lohz86yic	.eJxVjL0OwyAQg9-FuUIk3AHq2L3PgO74KWkrIoVkivruJVKGdrFkf7Z34Wlbi99aWvwUxVUM4vKbMYVXqgeIT6qPWYa5rsvE8qjIkzZ5n2N6387u30GhVvpaU1AmImqFLkfGAe2IgE5DtlpF1l0caeg4sAOCzAa6N8oAjtaIzxe6CTZ2:1td3Ym:D6pkeCdHkXz19LsJi3gGYFvcUX6xU-ViAbR_jgmUoAY	2025-02-12 11:36:32.688414+03
8n6rnr588i6sdu3rg191sdbspd90l0nw	.eJxVjDsOwjAQBe_iGln-r0NJnzNYa--CAyiR4qRC3B0spYD2zcx7iYT7VtPeeE0TibPQQZx-x4zlwXMndMf5tsiyzNs6ZdkVedAmx4X4eTncv4OKrfYawIeMkWPgaEHrIQ9MoEwBY31xFHyOV3QKCxptlPORv8yCGoDIKvH-APy9N30:1uHTxW:U0g3f7AfYkMmGkZTMjbAQXiMtypnez3Kb0elPiXUiOI	2025-06-03 23:53:10.084139+03
k9qedl5tgnvlfgvwkgj5f8hs0i1tm6p5	.eJxVjDsOwyAQRO9CHSHAyy9lep8BLQsEJxGWjF1FuXtsyUWi6ea9mTcLuK01bD0vYUrsyqRhl98yIj1zO0h6YLvPnOa2LlPkh8JP2vk4p_y6ne7fQcVe9zXqqAYvBHqgpGzUdlBZajKUwNnkwRkvsJAUUEgRgiMti3Nlj81g2OcL_Yg36w:1uEmEj:1bQZu8jsdCDHpnE-C5Ggfskzin4PYEccZNCDGmNCQX8	2025-05-27 12:47:45.800502+03
4xhu16b8t68by17rp077mxocesbjgl4m	.eJxVjL0OwyAQg9-FuUIk3AHq2L3PgO74KWkrIoVkivruJVKGdrFkf7Z34Wlbi99aWvwUxVUM4vKbMYVXqgeIT6qPWYa5rsvE8qjIkzZ5n2N6387u30GhVvpaU1AmImqFLkfGAe2IgE5DtlpF1l0caeg4sAOCzAa6N8oAjtaIzxe6CTZ2:1td7rP:_-Sbfc3-TuJbnN6WHnwlg3GP2h4FMxSoLC21G426NWc	2025-02-12 16:12:03.057115+03
s1zti914s0mi5qffwboukf2iw922z59q	.eJxVjL0OwyAQg9-FuUIk3AHq2L3PgO74KWkrIoVkivruJVKGdrFkf7Z34Wlbi99aWvwUxVUM4vKbMYVXqgeIT6qPWYa5rsvE8qjIkzZ5n2N6387u30GhVvpaU1AmImqFLkfGAe2IgE5DtlpF1l0caeg4sAOCzAa6N8oAjtaIzxe6CTZ2:1truxo:JTqPANG2OHQ8geaXZvymJKiyaY1a1DNZ6SdktcTC0QQ	2025-03-25 11:27:48.659485+03
n5ur4gvm8mirv18hlpfdidrcxiracelz	.eJxVjEEOwiAQRe_C2hCgMIBL956BzDBUqoYmpV0Z765NutDtf-_9l0i4rTVtvSxpYnEWUZx-N8L8KG0HfMd2m2We27pMJHdFHrTL68zleTncv4OKvX7rEZCVAw2aDOGYfbHWW0NEJmKIEAbFAyrDOlrNoBX4gORsNBxUcFm8P-FONz4:1uEnMP:8tyDVqGyg8DFZNOQqYNuuCrSA7St28YsoMc2WPKOrUY	2025-05-27 13:59:45.764726+03
xm1g1bmn4ohbl5o6e17w14jx95b1ejz6	.eJxVjL0OwyAQg9-FuUIk3AHq2L3PgO74KWkrIoVkivruJVKGdrFkf7Z34Wlbi99aWvwUxVUM4vKbMYVXqgeIT6qPWYa5rsvE8qjIkzZ5n2N6387u30GhVvpaU1AmImqFLkfGAe2IgE5DtlpF1l0caeg4sAOCzAa6N8oAjtaIzxe6CTZ2:1uREun:WYH8h1kzUCtEmkSzTK-JHymsw2ftEYpRQqWN9nvb0XY	2025-06-30 21:50:41.581157+03
h21zx4xffjhd8q0lliook5poylxjojqp	.eJxVjL0OwyAQg9-FuUIk3AHq2L3PgO74KWkrIoVkivruJVKGdrFkf7Z34Wlbi99aWvwUxVUM4vKbMYVXqgeIT6qPWYa5rsvE8qjIkzZ5n2N6387u30GhVvpaU1AmImqFLkfGAe2IgE5DtlpF1l0caeg4sAOCzAa6N8oAjtaIzxe6CTZ2:1u1kz6:8Olcdryayv-P5APuvyHYvjnGWKJkeQLtCrzfjYD-Lew	2025-04-21 14:49:48.46928+03
z466d6kvgvb9dwretiiosr5m6foy2bex	.eJxVjMsOwiAQRf-FtSG8QZfu_QYyMINUDSSlXRn_3TbpQrfnnHvfLMK61LgOmuOE7MKkYadfmCA_qe0GH9DunefelnlKfE_4YQe_daTX9Wj_DiqMuq01gkKU5pxSsQpBWC18UNl7k6wTSJK0cxYkykBhowKTBlICqBTrFPt8AQr8OCM:1uEuUt:0GgrDo9qg8Hv7hEEdkrZPPkjxFPIMrHzYopZvkaCnL8	2025-05-27 21:36:59.970455+03
d1gci1ygm8vzwuxkbfvjsslkji2r4xkr	.eJxVjL0OwyAQg9-FuUIk3AHq2L3PgO74KWkrIoVkivruJVKGdrFkf7Z34Wlbi99aWvwUxVUM4vKbMYVXqgeIT6qPWYa5rsvE8qjIkzZ5n2N6387u30GhVvpaU1AmImqFLkfGAe2IgE5DtlpF1l0caeg4sAOCzAa6N8oAjtaIzxe6CTZ2:1uFXtS:OlcPsapiIkWRO3fpRvbcwOmfn1q5uFplIec9YWSWe3k	2025-05-29 15:40:58.857574+03
\.


--
-- Data for Name: floors; Type: TABLE DATA; Schema: public; Owner: postgres
--

COPY public.floors (id, number, body_id) FROM stdin;
3	3	1
1	1	1
4	4	1
2	2	1
\.


--
-- Data for Name: floors_bodies; Type: TABLE DATA; Schema: public; Owner: postgres
--

COPY public.floors_bodies (id, floor_id, body_id) FROM stdin;
2	1	2
3	2	1
6	4	2
\.


--
-- Data for Name: messages; Type: TABLE DATA; Schema: public; Owner: postgres
--

COPY public.messages (id, messenges, "time", chat_id, person1_id) FROM stdin;
2	123213132	2025-01-29 11:20:56.744139+03	1	1
3	Привет андрей	2025-01-29 11:21:09.86934+03	1	1
4	123123132	2025-01-29 11:22:03.269343+03	1	1
8	ячсячс	2025-01-29 11:34:14.562274+03	1	2
9	ccc	2025-01-29 11:36:23.303652+03	1	2
10	Привет	2025-01-29 11:36:46.788076+03	1	2
11	Привет	2025-01-29 11:37:15.35531+03	1	1
7	тут текст	2025-01-29 11:24:49.034104+03	1	2
6	тут другой текст	2025-01-29 11:24:22.575092+03	1	1
5	++++	2025-01-29 11:23:07.925948+03	1	2
\.


--
-- Data for Name: offices; Type: TABLE DATA; Schema: public; Owner: postgres
--

COPY public.offices (id, number, body_id, floor_id) FROM stdin;
30	257	2	1
31	482	2	4
32	481	2	4
33	228	1	2
34	227	1	2
35	218	1	2
\.


--
-- Data for Name: package_device; Type: TABLE DATA; Schema: public; Owner: postgres
--

COPY public.package_device (id, number, office_id) FROM stdin;
227	1	33
228	2	33
229	3	33
230	4	33
231	5	33
232	6	33
233	7	33
234	8	33
235	9	33
236	10	33
237	11	33
238	12	33
239	13	33
240	14	33
241	15	33
242	16	33
243	17	33
261	35	35
260	34	35
259	33	35
258	32	35
257	31	35
256	30	35
255	29	35
253	27	35
252	26	35
251	25	35
250	24	35
249	23	35
248	22	35
247	21	35
246	20	35
245	19	35
244	18	35
254	28	35
262	36	34
263	37	34
264	38	34
265	39	34
266	40	34
267	41	34
268	42	34
269	43	34
270	44	34
272	46	34
273	47	34
274	48	34
275	49	34
276	50	34
277	51	34
278	52	34
279	53	34
271	45	34
281	55	30
282	56	30
283	57	30
284	58	30
285	59	30
286	60	30
287	61	30
288	62	30
289	63	30
290	64	30
291	65	30
292	66	30
293	67	30
294	68	30
295	69	30
296	70	30
297	71	30
298	72	30
299	73	30
300	74	30
301	75	30
302	76	30
303	77	30
304	78	30
305	79	30
306	80	30
307	81	30
308	82	30
309	83	30
310	84	30
280	54	30
311	85	32
312	86	32
313	87	32
314	88	32
315	89	32
316	90	32
317	91	32
318	92	32
319	93	32
320	94	32
321	95	32
322	96	32
323	97	32
324	98	32
325	99	32
326	100	32
328	102	32
329	103	32
327	101	32
330	102	31
331	103	31
332	104	31
333	105	31
334	106	31
335	107	31
336	108	31
337	109	31
338	110	31
339	111	31
340	112	31
341	113	31
342	114	31
343	115	31
344	116	31
345	117	31
346	118	31
347	119	31
348	120	31
349	121	31
350	122	31
\.


--
-- Data for Name: schedules; Type: TABLE DATA; Schema: public; Owner: postgres
--

COPY public.schedules (id, name, datetime_start, datetime_end, office_id, user_id) FROM stdin;
\.


--
-- Data for Name: statuses; Type: TABLE DATA; Schema: public; Owner: postgres
--

COPY public.statuses (id, name) FROM stdin;
2	Исправен
4	Неисправен, неизвестная причина
5	Не работает
6	В обработке
7	Исправлено
3	Работает
1	Сломано
\.


--
-- Data for Name: type_devices; Type: TABLE DATA; Schema: public; Owner: postgres
--

COPY public.type_devices (id, name) FROM stdin;
1	Мышка
2	Клавиатура
3	Мышка + Клавиатура
4	Дисковод
5	Монитор
6	Системный блок
7	Проектор
8	Принтер
9	Моноблок
\.


--
-- Name: account_userprofile_id_seq; Type: SEQUENCE SET; Schema: public; Owner: postgres
--

SELECT pg_catalog.setval('public.account_userprofile_id_seq', 7, true);


--
-- Name: applications_id_seq; Type: SEQUENCE SET; Schema: public; Owner: postgres
--

SELECT pg_catalog.setval('public.applications_id_seq', 133, true);


--
-- Name: auth_group_id_seq; Type: SEQUENCE SET; Schema: public; Owner: postgres
--

SELECT pg_catalog.setval('public.auth_group_id_seq', 3, true);


--
-- Name: auth_group_permissions_id_seq; Type: SEQUENCE SET; Schema: public; Owner: postgres
--

SELECT pg_catalog.setval('public.auth_group_permissions_id_seq', 1, false);


--
-- Name: auth_permission_id_seq; Type: SEQUENCE SET; Schema: public; Owner: postgres
--

SELECT pg_catalog.setval('public.auth_permission_id_seq', 96, true);


--
-- Name: auth_user_groups_id_seq; Type: SEQUENCE SET; Schema: public; Owner: postgres
--

SELECT pg_catalog.setval('public.auth_user_groups_id_seq', 19, true);


--
-- Name: auth_user_id_seq; Type: SEQUENCE SET; Schema: public; Owner: postgres
--

SELECT pg_catalog.setval('public.auth_user_id_seq', 24, true);


--
-- Name: auth_user_user_permissions_id_seq; Type: SEQUENCE SET; Schema: public; Owner: postgres
--

SELECT pg_catalog.setval('public.auth_user_user_permissions_id_seq', 1, false);


--
-- Name: body_deviceposition_id_seq; Type: SEQUENCE SET; Schema: public; Owner: postgres
--

SELECT pg_catalog.setval('public.body_deviceposition_id_seq', 165, true);


--
-- Name: body_id_seq; Type: SEQUENCE SET; Schema: public; Owner: postgres
--

SELECT pg_catalog.setval('public.body_id_seq', 2, true);


--
-- Name: body_officelayout_id_seq; Type: SEQUENCE SET; Schema: public; Owner: postgres
--

SELECT pg_catalog.setval('public.body_officelayout_id_seq', 10, true);


--
-- Name: body_telegramuser_id_seq; Type: SEQUENCE SET; Schema: public; Owner: postgres
--

SELECT pg_catalog.setval('public.body_telegramuser_id_seq', 1, true);


--
-- Name: breakdown_types_id_seq; Type: SEQUENCE SET; Schema: public; Owner: postgres
--

SELECT pg_catalog.setval('public.breakdown_types_id_seq', 4, true);


--
-- Name: chat_id_seq; Type: SEQUENCE SET; Schema: public; Owner: postgres
--

SELECT pg_catalog.setval('public.chat_id_seq', 2, true);


--
-- Name: devices_id_seq; Type: SEQUENCE SET; Schema: public; Owner: postgres
--

SELECT pg_catalog.setval('public.devices_id_seq', 658, true);


--
-- Name: django_admin_log_id_seq; Type: SEQUENCE SET; Schema: public; Owner: postgres
--

SELECT pg_catalog.setval('public.django_admin_log_id_seq', 643, true);


--
-- Name: django_content_type_id_seq; Type: SEQUENCE SET; Schema: public; Owner: postgres
--

SELECT pg_catalog.setval('public.django_content_type_id_seq', 24, true);


--
-- Name: django_migrations_id_seq; Type: SEQUENCE SET; Schema: public; Owner: postgres
--

SELECT pg_catalog.setval('public.django_migrations_id_seq', 36, true);


--
-- Name: floors_bodies_id_seq; Type: SEQUENCE SET; Schema: public; Owner: postgres
--

SELECT pg_catalog.setval('public.floors_bodies_id_seq', 6, true);


--
-- Name: floors_id_seq; Type: SEQUENCE SET; Schema: public; Owner: postgres
--

SELECT pg_catalog.setval('public.floors_id_seq', 5, true);


--
-- Name: messages_id_seq; Type: SEQUENCE SET; Schema: public; Owner: postgres
--

SELECT pg_catalog.setval('public.messages_id_seq', 11, true);


--
-- Name: offices_id_seq; Type: SEQUENCE SET; Schema: public; Owner: postgres
--

SELECT pg_catalog.setval('public.offices_id_seq', 35, true);


--
-- Name: package_device_id_seq; Type: SEQUENCE SET; Schema: public; Owner: postgres
--

SELECT pg_catalog.setval('public.package_device_id_seq', 350, true);


--
-- Name: schedules_id_seq; Type: SEQUENCE SET; Schema: public; Owner: postgres
--

SELECT pg_catalog.setval('public.schedules_id_seq', 92, true);


--
-- Name: statuses_id_seq; Type: SEQUENCE SET; Schema: public; Owner: postgres
--

SELECT pg_catalog.setval('public.statuses_id_seq', 7, true);


--
-- Name: type_devices_id_seq; Type: SEQUENCE SET; Schema: public; Owner: postgres
--

SELECT pg_catalog.setval('public.type_devices_id_seq', 9, true);


--
-- Name: account_userprofile account_userprofile_pkey; Type: CONSTRAINT; Schema: public; Owner: postgres
--

ALTER TABLE ONLY public.account_userprofile
    ADD CONSTRAINT account_userprofile_pkey PRIMARY KEY (id);


--
-- Name: account_userprofile account_userprofile_user_id_key; Type: CONSTRAINT; Schema: public; Owner: postgres
--

ALTER TABLE ONLY public.account_userprofile
    ADD CONSTRAINT account_userprofile_user_id_key UNIQUE (user_id);


--
-- Name: applications applications_pkey; Type: CONSTRAINT; Schema: public; Owner: postgres
--

ALTER TABLE ONLY public.applications
    ADD CONSTRAINT applications_pkey PRIMARY KEY (id);


--
-- Name: auth_group auth_group_name_key; Type: CONSTRAINT; Schema: public; Owner: postgres
--

ALTER TABLE ONLY public.auth_group
    ADD CONSTRAINT auth_group_name_key UNIQUE (name);


--
-- Name: auth_group_permissions auth_group_permissions_group_id_permission_id_0cd325b0_uniq; Type: CONSTRAINT; Schema: public; Owner: postgres
--

ALTER TABLE ONLY public.auth_group_permissions
    ADD CONSTRAINT auth_group_permissions_group_id_permission_id_0cd325b0_uniq UNIQUE (group_id, permission_id);


--
-- Name: auth_group_permissions auth_group_permissions_pkey; Type: CONSTRAINT; Schema: public; Owner: postgres
--

ALTER TABLE ONLY public.auth_group_permissions
    ADD CONSTRAINT auth_group_permissions_pkey PRIMARY KEY (id);


--
-- Name: auth_group auth_group_pkey; Type: CONSTRAINT; Schema: public; Owner: postgres
--

ALTER TABLE ONLY public.auth_group
    ADD CONSTRAINT auth_group_pkey PRIMARY KEY (id);


--
-- Name: auth_permission auth_permission_content_type_id_codename_01ab375a_uniq; Type: CONSTRAINT; Schema: public; Owner: postgres
--

ALTER TABLE ONLY public.auth_permission
    ADD CONSTRAINT auth_permission_content_type_id_codename_01ab375a_uniq UNIQUE (content_type_id, codename);


--
-- Name: auth_permission auth_permission_pkey; Type: CONSTRAINT; Schema: public; Owner: postgres
--

ALTER TABLE ONLY public.auth_permission
    ADD CONSTRAINT auth_permission_pkey PRIMARY KEY (id);


--
-- Name: auth_user_groups auth_user_groups_pkey; Type: CONSTRAINT; Schema: public; Owner: postgres
--

ALTER TABLE ONLY public.auth_user_groups
    ADD CONSTRAINT auth_user_groups_pkey PRIMARY KEY (id);


--
-- Name: auth_user_groups auth_user_groups_user_id_group_id_94350c0c_uniq; Type: CONSTRAINT; Schema: public; Owner: postgres
--

ALTER TABLE ONLY public.auth_user_groups
    ADD CONSTRAINT auth_user_groups_user_id_group_id_94350c0c_uniq UNIQUE (user_id, group_id);


--
-- Name: auth_user auth_user_pkey; Type: CONSTRAINT; Schema: public; Owner: postgres
--

ALTER TABLE ONLY public.auth_user
    ADD CONSTRAINT auth_user_pkey PRIMARY KEY (id);


--
-- Name: auth_user_user_permissions auth_user_user_permissions_pkey; Type: CONSTRAINT; Schema: public; Owner: postgres
--

ALTER TABLE ONLY public.auth_user_user_permissions
    ADD CONSTRAINT auth_user_user_permissions_pkey PRIMARY KEY (id);


--
-- Name: auth_user_user_permissions auth_user_user_permissions_user_id_permission_id_14a6b632_uniq; Type: CONSTRAINT; Schema: public; Owner: postgres
--

ALTER TABLE ONLY public.auth_user_user_permissions
    ADD CONSTRAINT auth_user_user_permissions_user_id_permission_id_14a6b632_uniq UNIQUE (user_id, permission_id);


--
-- Name: auth_user auth_user_username_key; Type: CONSTRAINT; Schema: public; Owner: postgres
--

ALTER TABLE ONLY public.auth_user
    ADD CONSTRAINT auth_user_username_key UNIQUE (username);


--
-- Name: body_deviceposition body_deviceposition_pkey; Type: CONSTRAINT; Schema: public; Owner: postgres
--

ALTER TABLE ONLY public.body_deviceposition
    ADD CONSTRAINT body_deviceposition_pkey PRIMARY KEY (id);


--
-- Name: body_officelayout body_officelayout_pkey; Type: CONSTRAINT; Schema: public; Owner: postgres
--

ALTER TABLE ONLY public.body_officelayout
    ADD CONSTRAINT body_officelayout_pkey PRIMARY KEY (id);


--
-- Name: body body_pkey; Type: CONSTRAINT; Schema: public; Owner: postgres
--

ALTER TABLE ONLY public.body
    ADD CONSTRAINT body_pkey PRIMARY KEY (id);


--
-- Name: body_telegramuser body_telegramuser_chat_id_key; Type: CONSTRAINT; Schema: public; Owner: postgres
--

ALTER TABLE ONLY public.body_telegramuser
    ADD CONSTRAINT body_telegramuser_chat_id_key UNIQUE (chat_id);


--
-- Name: body_telegramuser body_telegramuser_pkey; Type: CONSTRAINT; Schema: public; Owner: postgres
--

ALTER TABLE ONLY public.body_telegramuser
    ADD CONSTRAINT body_telegramuser_pkey PRIMARY KEY (id);


--
-- Name: breakdown_types breakdown_types_name_key; Type: CONSTRAINT; Schema: public; Owner: postgres
--

ALTER TABLE ONLY public.breakdown_types
    ADD CONSTRAINT breakdown_types_name_key UNIQUE (name);


--
-- Name: breakdown_types breakdown_types_pkey; Type: CONSTRAINT; Schema: public; Owner: postgres
--

ALTER TABLE ONLY public.breakdown_types
    ADD CONSTRAINT breakdown_types_pkey PRIMARY KEY (id);


--
-- Name: chat chat_pkey; Type: CONSTRAINT; Schema: public; Owner: postgres
--

ALTER TABLE ONLY public.chat
    ADD CONSTRAINT chat_pkey PRIMARY KEY (id);


--
-- Name: devices devices_pkey; Type: CONSTRAINT; Schema: public; Owner: postgres
--

ALTER TABLE ONLY public.devices
    ADD CONSTRAINT devices_pkey PRIMARY KEY (id);


--
-- Name: django_admin_log django_admin_log_pkey; Type: CONSTRAINT; Schema: public; Owner: postgres
--

ALTER TABLE ONLY public.django_admin_log
    ADD CONSTRAINT django_admin_log_pkey PRIMARY KEY (id);


--
-- Name: django_content_type django_content_type_app_label_model_76bd3d3b_uniq; Type: CONSTRAINT; Schema: public; Owner: postgres
--

ALTER TABLE ONLY public.django_content_type
    ADD CONSTRAINT django_content_type_app_label_model_76bd3d3b_uniq UNIQUE (app_label, model);


--
-- Name: django_content_type django_content_type_pkey; Type: CONSTRAINT; Schema: public; Owner: postgres
--

ALTER TABLE ONLY public.django_content_type
    ADD CONSTRAINT django_content_type_pkey PRIMARY KEY (id);


--
-- Name: django_migrations django_migrations_pkey; Type: CONSTRAINT; Schema: public; Owner: postgres
--

ALTER TABLE ONLY public.django_migrations
    ADD CONSTRAINT django_migrations_pkey PRIMARY KEY (id);


--
-- Name: django_session django_session_pkey; Type: CONSTRAINT; Schema: public; Owner: postgres
--

ALTER TABLE ONLY public.django_session
    ADD CONSTRAINT django_session_pkey PRIMARY KEY (session_key);


--
-- Name: floors_bodies floors_bodies_floor_id_body_id_7ef92dae_uniq; Type: CONSTRAINT; Schema: public; Owner: postgres
--

ALTER TABLE ONLY public.floors_bodies
    ADD CONSTRAINT floors_bodies_floor_id_body_id_7ef92dae_uniq UNIQUE (floor_id, body_id);


--
-- Name: floors_bodies floors_bodies_pkey; Type: CONSTRAINT; Schema: public; Owner: postgres
--

ALTER TABLE ONLY public.floors_bodies
    ADD CONSTRAINT floors_bodies_pkey PRIMARY KEY (id);


--
-- Name: floors floors_body_id_number_70e97edf_uniq; Type: CONSTRAINT; Schema: public; Owner: postgres
--

ALTER TABLE ONLY public.floors
    ADD CONSTRAINT floors_body_id_number_70e97edf_uniq UNIQUE (body_id, number);


--
-- Name: floors floors_pkey; Type: CONSTRAINT; Schema: public; Owner: postgres
--

ALTER TABLE ONLY public.floors
    ADD CONSTRAINT floors_pkey PRIMARY KEY (id);


--
-- Name: messages messages_pkey; Type: CONSTRAINT; Schema: public; Owner: postgres
--

ALTER TABLE ONLY public.messages
    ADD CONSTRAINT messages_pkey PRIMARY KEY (id);


--
-- Name: offices offices_pkey; Type: CONSTRAINT; Schema: public; Owner: postgres
--

ALTER TABLE ONLY public.offices
    ADD CONSTRAINT offices_pkey PRIMARY KEY (id);


--
-- Name: package_device package_device_pkey; Type: CONSTRAINT; Schema: public; Owner: postgres
--

ALTER TABLE ONLY public.package_device
    ADD CONSTRAINT package_device_pkey PRIMARY KEY (id);


--
-- Name: schedules schedules_pkey; Type: CONSTRAINT; Schema: public; Owner: postgres
--

ALTER TABLE ONLY public.schedules
    ADD CONSTRAINT schedules_pkey PRIMARY KEY (id);


--
-- Name: statuses statuses_pkey; Type: CONSTRAINT; Schema: public; Owner: postgres
--

ALTER TABLE ONLY public.statuses
    ADD CONSTRAINT statuses_pkey PRIMARY KEY (id);


--
-- Name: type_devices type_devices_pkey; Type: CONSTRAINT; Schema: public; Owner: postgres
--

ALTER TABLE ONLY public.type_devices
    ADD CONSTRAINT type_devices_pkey PRIMARY KEY (id);


--
-- Name: application_data_7bee50_idx; Type: INDEX; Schema: public; Owner: postgres
--

CREATE INDEX application_data_7bee50_idx ON public.applications USING btree (data);


--
-- Name: application_office__e69348_idx; Type: INDEX; Schema: public; Owner: postgres
--

CREATE INDEX application_office__e69348_idx ON public.applications USING btree (office_id, status_id);


--
-- Name: applications_breakdown_type_id_3da73625; Type: INDEX; Schema: public; Owner: postgres
--

CREATE INDEX applications_breakdown_type_id_3da73625 ON public.applications USING btree (breakdown_type_id);


--
-- Name: applications_data_151caf19; Type: INDEX; Schema: public; Owner: postgres
--

CREATE INDEX applications_data_151caf19 ON public.applications USING btree (data);


--
-- Name: applications_device_id_31bf2122; Type: INDEX; Schema: public; Owner: postgres
--

CREATE INDEX applications_device_id_31bf2122 ON public.applications USING btree (device_id);


--
-- Name: applications_office_id_308a603b; Type: INDEX; Schema: public; Owner: postgres
--

CREATE INDEX applications_office_id_308a603b ON public.applications USING btree (office_id);


--
-- Name: applications_status_id_3985ceb1; Type: INDEX; Schema: public; Owner: postgres
--

CREATE INDEX applications_status_id_3985ceb1 ON public.applications USING btree (status_id);


--
-- Name: applications_user_id_ccbebfe7; Type: INDEX; Schema: public; Owner: postgres
--

CREATE INDEX applications_user_id_ccbebfe7 ON public.applications USING btree (user_id);


--
-- Name: auth_group_name_a6ea08ec_like; Type: INDEX; Schema: public; Owner: postgres
--

CREATE INDEX auth_group_name_a6ea08ec_like ON public.auth_group USING btree (name varchar_pattern_ops);


--
-- Name: auth_group_permissions_group_id_b120cbf9; Type: INDEX; Schema: public; Owner: postgres
--

CREATE INDEX auth_group_permissions_group_id_b120cbf9 ON public.auth_group_permissions USING btree (group_id);


--
-- Name: auth_group_permissions_permission_id_84c5c92e; Type: INDEX; Schema: public; Owner: postgres
--

CREATE INDEX auth_group_permissions_permission_id_84c5c92e ON public.auth_group_permissions USING btree (permission_id);


--
-- Name: auth_permission_content_type_id_2f476e4b; Type: INDEX; Schema: public; Owner: postgres
--

CREATE INDEX auth_permission_content_type_id_2f476e4b ON public.auth_permission USING btree (content_type_id);


--
-- Name: auth_user_groups_group_id_97559544; Type: INDEX; Schema: public; Owner: postgres
--

CREATE INDEX auth_user_groups_group_id_97559544 ON public.auth_user_groups USING btree (group_id);


--
-- Name: auth_user_groups_user_id_6a12ed8b; Type: INDEX; Schema: public; Owner: postgres
--

CREATE INDEX auth_user_groups_user_id_6a12ed8b ON public.auth_user_groups USING btree (user_id);


--
-- Name: auth_user_user_permissions_permission_id_1fbb5f2c; Type: INDEX; Schema: public; Owner: postgres
--

CREATE INDEX auth_user_user_permissions_permission_id_1fbb5f2c ON public.auth_user_user_permissions USING btree (permission_id);


--
-- Name: auth_user_user_permissions_user_id_a95ead1b; Type: INDEX; Schema: public; Owner: postgres
--

CREATE INDEX auth_user_user_permissions_user_id_a95ead1b ON public.auth_user_user_permissions USING btree (user_id);


--
-- Name: auth_user_username_6821ab7c_like; Type: INDEX; Schema: public; Owner: postgres
--

CREATE INDEX auth_user_username_6821ab7c_like ON public.auth_user USING btree (username varchar_pattern_ops);


--
-- Name: body_device_layout__b19a57_idx; Type: INDEX; Schema: public; Owner: postgres
--

CREATE INDEX body_device_layout__b19a57_idx ON public.body_deviceposition USING btree (layout_id, package_device_id);


--
-- Name: body_deviceposition_is_active_f891346b; Type: INDEX; Schema: public; Owner: postgres
--

CREATE INDEX body_deviceposition_is_active_f891346b ON public.body_deviceposition USING btree (is_active);


--
-- Name: body_deviceposition_layout_id_d9ba8329; Type: INDEX; Schema: public; Owner: postgres
--

CREATE INDEX body_deviceposition_layout_id_d9ba8329 ON public.body_deviceposition USING btree (layout_id);


--
-- Name: body_deviceposition_package_device_id_31618e4f; Type: INDEX; Schema: public; Owner: postgres
--

CREATE INDEX body_deviceposition_package_device_id_31618e4f ON public.body_deviceposition USING btree (package_device_id);


--
-- Name: body_number_220c6afc; Type: INDEX; Schema: public; Owner: postgres
--

CREATE INDEX body_number_220c6afc ON public.body USING btree (number);


--
-- Name: body_number_220c6afc_like; Type: INDEX; Schema: public; Owner: postgres
--

CREATE INDEX body_number_220c6afc_like ON public.body USING btree (number varchar_pattern_ops);


--
-- Name: body_office_office__a7f44a_idx; Type: INDEX; Schema: public; Owner: postgres
--

CREATE INDEX body_office_office__a7f44a_idx ON public.body_officelayout USING btree (office_id, created_at);


--
-- Name: body_officelayout_created_at_944cbb40; Type: INDEX; Schema: public; Owner: postgres
--

CREATE INDEX body_officelayout_created_at_944cbb40 ON public.body_officelayout USING btree (created_at);


--
-- Name: body_officelayout_name_9f5b446d; Type: INDEX; Schema: public; Owner: postgres
--

CREATE INDEX body_officelayout_name_9f5b446d ON public.body_officelayout USING btree (name);


--
-- Name: body_officelayout_name_9f5b446d_like; Type: INDEX; Schema: public; Owner: postgres
--

CREATE INDEX body_officelayout_name_9f5b446d_like ON public.body_officelayout USING btree (name varchar_pattern_ops);


--
-- Name: body_officelayout_office_id_0a8f840a; Type: INDEX; Schema: public; Owner: postgres
--

CREATE INDEX body_officelayout_office_id_0a8f840a ON public.body_officelayout USING btree (office_id);


--
-- Name: body_telegramuser_chat_id_65d47729_like; Type: INDEX; Schema: public; Owner: postgres
--

CREATE INDEX body_telegramuser_chat_id_65d47729_like ON public.body_telegramuser USING btree (chat_id varchar_pattern_ops);


--
-- Name: breakdown_types_name_ba1be06c_like; Type: INDEX; Schema: public; Owner: postgres
--

CREATE INDEX breakdown_types_name_ba1be06c_like ON public.breakdown_types USING btree (name varchar_pattern_ops);


--
-- Name: devices_condition_id_35f00c90; Type: INDEX; Schema: public; Owner: postgres
--

CREATE INDEX devices_condition_id_35f00c90 ON public.devices USING btree (condition_id);


--
-- Name: devices_package_id_bafca569; Type: INDEX; Schema: public; Owner: postgres
--

CREATE INDEX devices_package_id_bafca569 ON public.devices USING btree (package_id);


--
-- Name: devices_serial_number_1ea8472d; Type: INDEX; Schema: public; Owner: postgres
--

CREATE INDEX devices_serial_number_1ea8472d ON public.devices USING btree (serial_number);


--
-- Name: devices_serial_number_1ea8472d_like; Type: INDEX; Schema: public; Owner: postgres
--

CREATE INDEX devices_serial_number_1ea8472d_like ON public.devices USING btree (serial_number varchar_pattern_ops);


--
-- Name: devices_type_id_334e666f; Type: INDEX; Schema: public; Owner: postgres
--

CREATE INDEX devices_type_id_334e666f ON public.devices USING btree (type_id);


--
-- Name: devices_type_id_42d5fe_idx; Type: INDEX; Schema: public; Owner: postgres
--

CREATE INDEX devices_type_id_42d5fe_idx ON public.devices USING btree (type_id, serial_number);


--
-- Name: django_admin_log_content_type_id_c4bce8eb; Type: INDEX; Schema: public; Owner: postgres
--

CREATE INDEX django_admin_log_content_type_id_c4bce8eb ON public.django_admin_log USING btree (content_type_id);


--
-- Name: django_admin_log_user_id_c564eba6; Type: INDEX; Schema: public; Owner: postgres
--

CREATE INDEX django_admin_log_user_id_c564eba6 ON public.django_admin_log USING btree (user_id);


--
-- Name: django_session_expire_date_a5c62663; Type: INDEX; Schema: public; Owner: postgres
--

CREATE INDEX django_session_expire_date_a5c62663 ON public.django_session USING btree (expire_date);


--
-- Name: django_session_session_key_c0390e0f_like; Type: INDEX; Schema: public; Owner: postgres
--

CREATE INDEX django_session_session_key_c0390e0f_like ON public.django_session USING btree (session_key varchar_pattern_ops);


--
-- Name: floors_bodies_body_id_4e2ca4d3; Type: INDEX; Schema: public; Owner: postgres
--

CREATE INDEX floors_bodies_body_id_4e2ca4d3 ON public.floors_bodies USING btree (body_id);


--
-- Name: floors_bodies_floor_id_7e873dfd; Type: INDEX; Schema: public; Owner: postgres
--

CREATE INDEX floors_bodies_floor_id_7e873dfd ON public.floors_bodies USING btree (floor_id);


--
-- Name: floors_body_id_f2fa7563; Type: INDEX; Schema: public; Owner: postgres
--

CREATE INDEX floors_body_id_f2fa7563 ON public.floors USING btree (body_id);


--
-- Name: floors_number_7233a959; Type: INDEX; Schema: public; Owner: postgres
--

CREATE INDEX floors_number_7233a959 ON public.floors USING btree (number);


--
-- Name: messages_chat_id_c921b202; Type: INDEX; Schema: public; Owner: postgres
--

CREATE INDEX messages_chat_id_c921b202 ON public.messages USING btree (chat_id);


--
-- Name: messages_person1_id_c1e93c28; Type: INDEX; Schema: public; Owner: postgres
--

CREATE INDEX messages_person1_id_c1e93c28 ON public.messages USING btree (person1_id);


--
-- Name: offices_body_id_35eff26d; Type: INDEX; Schema: public; Owner: postgres
--

CREATE INDEX offices_body_id_35eff26d ON public.offices USING btree (body_id);


--
-- Name: offices_floor_i_173aa5_idx; Type: INDEX; Schema: public; Owner: postgres
--

CREATE INDEX offices_floor_i_173aa5_idx ON public.offices USING btree (floor_id, body_id);


--
-- Name: offices_floor_id_89f2e10b; Type: INDEX; Schema: public; Owner: postgres
--

CREATE INDEX offices_floor_id_89f2e10b ON public.offices USING btree (floor_id);


--
-- Name: offices_number_81e2b88a; Type: INDEX; Schema: public; Owner: postgres
--

CREATE INDEX offices_number_81e2b88a ON public.offices USING btree (number);


--
-- Name: offices_number_81e2b88a_like; Type: INDEX; Schema: public; Owner: postgres
--

CREATE INDEX offices_number_81e2b88a_like ON public.offices USING btree (number varchar_pattern_ops);


--
-- Name: package_device_number_a671d872; Type: INDEX; Schema: public; Owner: postgres
--

CREATE INDEX package_device_number_a671d872 ON public.package_device USING btree (number);


--
-- Name: package_device_number_a671d872_like; Type: INDEX; Schema: public; Owner: postgres
--

CREATE INDEX package_device_number_a671d872_like ON public.package_device USING btree (number varchar_pattern_ops);


--
-- Name: package_device_office_id_3c21cbe5; Type: INDEX; Schema: public; Owner: postgres
--

CREATE INDEX package_device_office_id_3c21cbe5 ON public.package_device USING btree (office_id);


--
-- Name: schedules_datetim_51ecb4_idx; Type: INDEX; Schema: public; Owner: postgres
--

CREATE INDEX schedules_datetim_51ecb4_idx ON public.schedules USING btree (datetime_start, datetime_end);


--
-- Name: schedules_datetime_end_abe3ac2f; Type: INDEX; Schema: public; Owner: postgres
--

CREATE INDEX schedules_datetime_end_abe3ac2f ON public.schedules USING btree (datetime_end);


--
-- Name: schedules_datetime_start_4a147e86; Type: INDEX; Schema: public; Owner: postgres
--

CREATE INDEX schedules_datetime_start_4a147e86 ON public.schedules USING btree (datetime_start);


--
-- Name: schedules_office_id_a1aa7dc3; Type: INDEX; Schema: public; Owner: postgres
--

CREATE INDEX schedules_office_id_a1aa7dc3 ON public.schedules USING btree (office_id);


--
-- Name: schedules_user_id_7fea3c75; Type: INDEX; Schema: public; Owner: postgres
--

CREATE INDEX schedules_user_id_7fea3c75 ON public.schedules USING btree (user_id);


--
-- Name: statuses_name_342aa706; Type: INDEX; Schema: public; Owner: postgres
--

CREATE INDEX statuses_name_342aa706 ON public.statuses USING btree (name);


--
-- Name: statuses_name_342aa706_like; Type: INDEX; Schema: public; Owner: postgres
--

CREATE INDEX statuses_name_342aa706_like ON public.statuses USING btree (name varchar_pattern_ops);


--
-- Name: account_userprofile account_userprofile_user_id_5afa3c7a_fk_auth_user_id; Type: FK CONSTRAINT; Schema: public; Owner: postgres
--

ALTER TABLE ONLY public.account_userprofile
    ADD CONSTRAINT account_userprofile_user_id_5afa3c7a_fk_auth_user_id FOREIGN KEY (user_id) REFERENCES public.auth_user(id) DEFERRABLE INITIALLY DEFERRED;


--
-- Name: applications applications_breakdown_type_id_3da73625_fk_breakdown_types_id; Type: FK CONSTRAINT; Schema: public; Owner: postgres
--

ALTER TABLE ONLY public.applications
    ADD CONSTRAINT applications_breakdown_type_id_3da73625_fk_breakdown_types_id FOREIGN KEY (breakdown_type_id) REFERENCES public.breakdown_types(id) DEFERRABLE INITIALLY DEFERRED;


--
-- Name: applications applications_device_id_31bf2122_fk_devices_id; Type: FK CONSTRAINT; Schema: public; Owner: postgres
--

ALTER TABLE ONLY public.applications
    ADD CONSTRAINT applications_device_id_31bf2122_fk_devices_id FOREIGN KEY (device_id) REFERENCES public.devices(id) DEFERRABLE INITIALLY DEFERRED;


--
-- Name: applications applications_office_id_308a603b_fk_offices_id; Type: FK CONSTRAINT; Schema: public; Owner: postgres
--

ALTER TABLE ONLY public.applications
    ADD CONSTRAINT applications_office_id_308a603b_fk_offices_id FOREIGN KEY (office_id) REFERENCES public.offices(id) DEFERRABLE INITIALLY DEFERRED;


--
-- Name: applications applications_status_id_3985ceb1_fk_statuses_id; Type: FK CONSTRAINT; Schema: public; Owner: postgres
--

ALTER TABLE ONLY public.applications
    ADD CONSTRAINT applications_status_id_3985ceb1_fk_statuses_id FOREIGN KEY (status_id) REFERENCES public.statuses(id) DEFERRABLE INITIALLY DEFERRED;


--
-- Name: applications applications_user_id_ccbebfe7_fk_auth_user_id; Type: FK CONSTRAINT; Schema: public; Owner: postgres
--

ALTER TABLE ONLY public.applications
    ADD CONSTRAINT applications_user_id_ccbebfe7_fk_auth_user_id FOREIGN KEY (user_id) REFERENCES public.auth_user(id) DEFERRABLE INITIALLY DEFERRED;


--
-- Name: auth_group_permissions auth_group_permissio_permission_id_84c5c92e_fk_auth_perm; Type: FK CONSTRAINT; Schema: public; Owner: postgres
--

ALTER TABLE ONLY public.auth_group_permissions
    ADD CONSTRAINT auth_group_permissio_permission_id_84c5c92e_fk_auth_perm FOREIGN KEY (permission_id) REFERENCES public.auth_permission(id) DEFERRABLE INITIALLY DEFERRED;


--
-- Name: auth_group_permissions auth_group_permissions_group_id_b120cbf9_fk_auth_group_id; Type: FK CONSTRAINT; Schema: public; Owner: postgres
--

ALTER TABLE ONLY public.auth_group_permissions
    ADD CONSTRAINT auth_group_permissions_group_id_b120cbf9_fk_auth_group_id FOREIGN KEY (group_id) REFERENCES public.auth_group(id) DEFERRABLE INITIALLY DEFERRED;


--
-- Name: auth_permission auth_permission_content_type_id_2f476e4b_fk_django_co; Type: FK CONSTRAINT; Schema: public; Owner: postgres
--

ALTER TABLE ONLY public.auth_permission
    ADD CONSTRAINT auth_permission_content_type_id_2f476e4b_fk_django_co FOREIGN KEY (content_type_id) REFERENCES public.django_content_type(id) DEFERRABLE INITIALLY DEFERRED;


--
-- Name: auth_user_groups auth_user_groups_group_id_97559544_fk_auth_group_id; Type: FK CONSTRAINT; Schema: public; Owner: postgres
--

ALTER TABLE ONLY public.auth_user_groups
    ADD CONSTRAINT auth_user_groups_group_id_97559544_fk_auth_group_id FOREIGN KEY (group_id) REFERENCES public.auth_group(id) DEFERRABLE INITIALLY DEFERRED;


--
-- Name: auth_user_groups auth_user_groups_user_id_6a12ed8b_fk_auth_user_id; Type: FK CONSTRAINT; Schema: public; Owner: postgres
--

ALTER TABLE ONLY public.auth_user_groups
    ADD CONSTRAINT auth_user_groups_user_id_6a12ed8b_fk_auth_user_id FOREIGN KEY (user_id) REFERENCES public.auth_user(id) DEFERRABLE INITIALLY DEFERRED;


--
-- Name: auth_user_user_permissions auth_user_user_permi_permission_id_1fbb5f2c_fk_auth_perm; Type: FK CONSTRAINT; Schema: public; Owner: postgres
--

ALTER TABLE ONLY public.auth_user_user_permissions
    ADD CONSTRAINT auth_user_user_permi_permission_id_1fbb5f2c_fk_auth_perm FOREIGN KEY (permission_id) REFERENCES public.auth_permission(id) DEFERRABLE INITIALLY DEFERRED;


--
-- Name: auth_user_user_permissions auth_user_user_permissions_user_id_a95ead1b_fk_auth_user_id; Type: FK CONSTRAINT; Schema: public; Owner: postgres
--

ALTER TABLE ONLY public.auth_user_user_permissions
    ADD CONSTRAINT auth_user_user_permissions_user_id_a95ead1b_fk_auth_user_id FOREIGN KEY (user_id) REFERENCES public.auth_user(id) DEFERRABLE INITIALLY DEFERRED;


--
-- Name: body_deviceposition body_deviceposition_layout_id_d9ba8329_fk_body_officelayout_id; Type: FK CONSTRAINT; Schema: public; Owner: postgres
--

ALTER TABLE ONLY public.body_deviceposition
    ADD CONSTRAINT body_deviceposition_layout_id_d9ba8329_fk_body_officelayout_id FOREIGN KEY (layout_id) REFERENCES public.body_officelayout(id) DEFERRABLE INITIALLY DEFERRED;


--
-- Name: body_deviceposition body_deviceposition_package_device_id_31618e4f_fk_package_d; Type: FK CONSTRAINT; Schema: public; Owner: postgres
--

ALTER TABLE ONLY public.body_deviceposition
    ADD CONSTRAINT body_deviceposition_package_device_id_31618e4f_fk_package_d FOREIGN KEY (package_device_id) REFERENCES public.package_device(id) DEFERRABLE INITIALLY DEFERRED;


--
-- Name: body_officelayout body_officelayout_office_id_0a8f840a_fk_offices_id; Type: FK CONSTRAINT; Schema: public; Owner: postgres
--

ALTER TABLE ONLY public.body_officelayout
    ADD CONSTRAINT body_officelayout_office_id_0a8f840a_fk_offices_id FOREIGN KEY (office_id) REFERENCES public.offices(id) DEFERRABLE INITIALLY DEFERRED;


--
-- Name: devices devices_condition_id_35f00c90_fk_statuses_id; Type: FK CONSTRAINT; Schema: public; Owner: postgres
--

ALTER TABLE ONLY public.devices
    ADD CONSTRAINT devices_condition_id_35f00c90_fk_statuses_id FOREIGN KEY (condition_id) REFERENCES public.statuses(id) DEFERRABLE INITIALLY DEFERRED;


--
-- Name: devices devices_package_id_bafca569_fk_package_device_id; Type: FK CONSTRAINT; Schema: public; Owner: postgres
--

ALTER TABLE ONLY public.devices
    ADD CONSTRAINT devices_package_id_bafca569_fk_package_device_id FOREIGN KEY (package_id) REFERENCES public.package_device(id) DEFERRABLE INITIALLY DEFERRED;


--
-- Name: devices devices_type_id_334e666f_fk_type_devices_id; Type: FK CONSTRAINT; Schema: public; Owner: postgres
--

ALTER TABLE ONLY public.devices
    ADD CONSTRAINT devices_type_id_334e666f_fk_type_devices_id FOREIGN KEY (type_id) REFERENCES public.type_devices(id) DEFERRABLE INITIALLY DEFERRED;


--
-- Name: django_admin_log django_admin_log_content_type_id_c4bce8eb_fk_django_co; Type: FK CONSTRAINT; Schema: public; Owner: postgres
--

ALTER TABLE ONLY public.django_admin_log
    ADD CONSTRAINT django_admin_log_content_type_id_c4bce8eb_fk_django_co FOREIGN KEY (content_type_id) REFERENCES public.django_content_type(id) DEFERRABLE INITIALLY DEFERRED;


--
-- Name: django_admin_log django_admin_log_user_id_c564eba6_fk_auth_user_id; Type: FK CONSTRAINT; Schema: public; Owner: postgres
--

ALTER TABLE ONLY public.django_admin_log
    ADD CONSTRAINT django_admin_log_user_id_c564eba6_fk_auth_user_id FOREIGN KEY (user_id) REFERENCES public.auth_user(id) DEFERRABLE INITIALLY DEFERRED;


--
-- Name: floors_bodies floors_bodies_body_id_4e2ca4d3_fk_body_id; Type: FK CONSTRAINT; Schema: public; Owner: postgres
--

ALTER TABLE ONLY public.floors_bodies
    ADD CONSTRAINT floors_bodies_body_id_4e2ca4d3_fk_body_id FOREIGN KEY (body_id) REFERENCES public.body(id) DEFERRABLE INITIALLY DEFERRED;


--
-- Name: floors_bodies floors_bodies_floor_id_7e873dfd_fk_floors_id; Type: FK CONSTRAINT; Schema: public; Owner: postgres
--

ALTER TABLE ONLY public.floors_bodies
    ADD CONSTRAINT floors_bodies_floor_id_7e873dfd_fk_floors_id FOREIGN KEY (floor_id) REFERENCES public.floors(id) DEFERRABLE INITIALLY DEFERRED;


--
-- Name: floors floors_body_id_f2fa7563_fk_body_id; Type: FK CONSTRAINT; Schema: public; Owner: postgres
--

ALTER TABLE ONLY public.floors
    ADD CONSTRAINT floors_body_id_f2fa7563_fk_body_id FOREIGN KEY (body_id) REFERENCES public.body(id) DEFERRABLE INITIALLY DEFERRED;


--
-- Name: messages messages_chat_id_c921b202_fk_chat_id; Type: FK CONSTRAINT; Schema: public; Owner: postgres
--

ALTER TABLE ONLY public.messages
    ADD CONSTRAINT messages_chat_id_c921b202_fk_chat_id FOREIGN KEY (chat_id) REFERENCES public.chat(id) DEFERRABLE INITIALLY DEFERRED;


--
-- Name: messages messages_person1_id_c1e93c28_fk_auth_user_id; Type: FK CONSTRAINT; Schema: public; Owner: postgres
--

ALTER TABLE ONLY public.messages
    ADD CONSTRAINT messages_person1_id_c1e93c28_fk_auth_user_id FOREIGN KEY (person1_id) REFERENCES public.auth_user(id) DEFERRABLE INITIALLY DEFERRED;


--
-- Name: offices offices_body_id_35eff26d_fk_body_id; Type: FK CONSTRAINT; Schema: public; Owner: postgres
--

ALTER TABLE ONLY public.offices
    ADD CONSTRAINT offices_body_id_35eff26d_fk_body_id FOREIGN KEY (body_id) REFERENCES public.body(id) DEFERRABLE INITIALLY DEFERRED;


--
-- Name: offices offices_floor_id_89f2e10b_fk_floors_id; Type: FK CONSTRAINT; Schema: public; Owner: postgres
--

ALTER TABLE ONLY public.offices
    ADD CONSTRAINT offices_floor_id_89f2e10b_fk_floors_id FOREIGN KEY (floor_id) REFERENCES public.floors(id) DEFERRABLE INITIALLY DEFERRED;


--
-- Name: package_device package_device_office_id_3c21cbe5_fk_offices_id; Type: FK CONSTRAINT; Schema: public; Owner: postgres
--

ALTER TABLE ONLY public.package_device
    ADD CONSTRAINT package_device_office_id_3c21cbe5_fk_offices_id FOREIGN KEY (office_id) REFERENCES public.offices(id) DEFERRABLE INITIALLY DEFERRED;


--
-- Name: schedules schedules_office_id_a1aa7dc3_fk_offices_id; Type: FK CONSTRAINT; Schema: public; Owner: postgres
--

ALTER TABLE ONLY public.schedules
    ADD CONSTRAINT schedules_office_id_a1aa7dc3_fk_offices_id FOREIGN KEY (office_id) REFERENCES public.offices(id) DEFERRABLE INITIALLY DEFERRED;


--
-- Name: schedules schedules_user_id_7fea3c75_fk_auth_user_id; Type: FK CONSTRAINT; Schema: public; Owner: postgres
--

ALTER TABLE ONLY public.schedules
    ADD CONSTRAINT schedules_user_id_7fea3c75_fk_auth_user_id FOREIGN KEY (user_id) REFERENCES public.auth_user(id) DEFERRABLE INITIALLY DEFERRED;


--
-- PostgreSQL database dump complete
--

