--
-- PostgreSQL database dump
--

-- Dumped from database version 17.0
-- Dumped by pg_dump version 17.0

SET statement_timeout = 0;
SET lock_timeout = 0;
SET idle_in_transaction_session_timeout = 0;
-- SET transaction_timeout = 0;
SET client_encoding = 'UTF8';
SET standard_conforming_strings = on;
SELECT pg_catalog.set_config('search_path', '', false);
SET check_function_bodies = false;
SET xmloption = content;
SET client_min_messages = warning;
SET row_security = off;

SET default_tablespace = '';

SET default_table_access_method = heap;

--
-- Name: account_userprofile; Type: TABLE; Schema: public; Owner: postgres
--

CREATE TABLE public.account_userprofile (
    id bigint NOT NULL,
    avatar character varying(100),
    user_id integer NOT NULL
);


ALTER TABLE public.account_userprofile OWNER TO postgres;

--
-- Name: account_userprofile_id_seq; Type: SEQUENCE; Schema: public; Owner: postgres
--

ALTER TABLE public.account_userprofile ALTER COLUMN id ADD GENERATED BY DEFAULT AS IDENTITY (
    SEQUENCE NAME public.account_userprofile_id_seq
    START WITH 1
    INCREMENT BY 1
    NO MINVALUE
    NO MAXVALUE
    CACHE 1
);


--
-- Name: applications; Type: TABLE; Schema: public; Owner: postgres
--

CREATE TABLE public.applications (
    id bigint NOT NULL,
    reason text NOT NULL,
    data timestamp with time zone NOT NULL,
    user_id integer NOT NULL,
    device_id bigint NOT NULL,
    office_id bigint NOT NULL,
    status_id bigint NOT NULL,
    breakdown_type_id bigint
);


ALTER TABLE public.applications OWNER TO postgres;

--
-- Name: applications_id_seq; Type: SEQUENCE; Schema: public; Owner: postgres
--

ALTER TABLE public.applications ALTER COLUMN id ADD GENERATED BY DEFAULT AS IDENTITY (
    SEQUENCE NAME public.applications_id_seq
    START WITH 1
    INCREMENT BY 1
    NO MINVALUE
    NO MAXVALUE
    CACHE 1
);


--
-- Name: auth_group; Type: TABLE; Schema: public; Owner: postgres
--

CREATE TABLE public.auth_group (
    id integer NOT NULL,
    name character varying(150) NOT NULL
);


ALTER TABLE public.auth_group OWNER TO postgres;

--
-- Name: auth_group_id_seq; Type: SEQUENCE; Schema: public; Owner: postgres
--

ALTER TABLE public.auth_group ALTER COLUMN id ADD GENERATED BY DEFAULT AS IDENTITY (
    SEQUENCE NAME public.auth_group_id_seq
    START WITH 1
    INCREMENT BY 1
    NO MINVALUE
    NO MAXVALUE
    CACHE 1
);


--
-- Name: auth_group_permissions; Type: TABLE; Schema: public; Owner: postgres
--

CREATE TABLE public.auth_group_permissions (
    id bigint NOT NULL,
    group_id integer NOT NULL,
    permission_id integer NOT NULL
);


ALTER TABLE public.auth_group_permissions OWNER TO postgres;

--
-- Name: auth_group_permissions_id_seq; Type: SEQUENCE; Schema: public; Owner: postgres
--

ALTER TABLE public.auth_group_permissions ALTER COLUMN id ADD GENERATED BY DEFAULT AS IDENTITY (
    SEQUENCE NAME public.auth_group_permissions_id_seq
    START WITH 1
    INCREMENT BY 1
    NO MINVALUE
    NO MAXVALUE
    CACHE 1
);


--
-- Name: auth_permission; Type: TABLE; Schema: public; Owner: postgres
--

CREATE TABLE public.auth_permission (
    id integer NOT NULL,
    name character varying(255) NOT NULL,
    content_type_id integer NOT NULL,
    codename character varying(100) NOT NULL
);


ALTER TABLE public.auth_permission OWNER TO postgres;

--
-- Name: auth_permission_id_seq; Type: SEQUENCE; Schema: public; Owner: postgres
--

ALTER TABLE public.auth_permission ALTER COLUMN id ADD GENERATED BY DEFAULT AS IDENTITY (
    SEQUENCE NAME public.auth_permission_id_seq
    START WITH 1
    INCREMENT BY 1
    NO MINVALUE
    NO MAXVALUE
    CACHE 1
);


--
-- Name: auth_user; Type: TABLE; Schema: public; Owner: postgres
--

CREATE TABLE public.auth_user (
    id integer NOT NULL,
    password character varying(128) NOT NULL,
    last_login timestamp with time zone,
    is_superuser boolean NOT NULL,
    username character varying(150) NOT NULL,
    first_name character varying(150) NOT NULL,
    last_name character varying(150) NOT NULL,
    email character varying(254) NOT NULL,
    is_staff boolean NOT NULL,
    is_active boolean NOT NULL,
    date_joined timestamp with time zone NOT NULL
);


ALTER TABLE public.auth_user OWNER TO postgres;

--
-- Name: auth_user_groups; Type: TABLE; Schema: public; Owner: postgres
--

CREATE TABLE public.auth_user_groups (
    id bigint NOT NULL,
    user_id integer NOT NULL,
    group_id integer NOT NULL
);


ALTER TABLE public.auth_user_groups OWNER TO postgres;

--
-- Name: auth_user_groups_id_seq; Type: SEQUENCE; Schema: public; Owner: postgres
--

ALTER TABLE public.auth_user_groups ALTER COLUMN id ADD GENERATED BY DEFAULT AS IDENTITY (
    SEQUENCE NAME public.auth_user_groups_id_seq
    START WITH 1
    INCREMENT BY 1
    NO MINVALUE
    NO MAXVALUE
    CACHE 1
);


--
-- Name: auth_user_id_seq; Type: SEQUENCE; Schema: public; Owner: postgres
--

ALTER TABLE public.auth_user ALTER COLUMN id ADD GENERATED BY DEFAULT AS IDENTITY (
    SEQUENCE NAME public.auth_user_id_seq
    START WITH 1
    INCREMENT BY 1
    NO MINVALUE
    NO MAXVALUE
    CACHE 1
);


--
-- Name: auth_user_user_permissions; Type: TABLE; Schema: public; Owner: postgres
--

CREATE TABLE public.auth_user_user_permissions (
    id bigint NOT NULL,
    user_id integer NOT NULL,
    permission_id integer NOT NULL
);


ALTER TABLE public.auth_user_user_permissions OWNER TO postgres;

--
-- Name: auth_user_user_permissions_id_seq; Type: SEQUENCE; Schema: public; Owner: postgres
--

ALTER TABLE public.auth_user_user_permissions ALTER COLUMN id ADD GENERATED BY DEFAULT AS IDENTITY (
    SEQUENCE NAME public.auth_user_user_permissions_id_seq
    START WITH 1
    INCREMENT BY 1
    NO MINVALUE
    NO MAXVALUE
    CACHE 1
);


--
-- Name: body; Type: TABLE; Schema: public; Owner: postgres
--

CREATE TABLE public.body (
    id bigint NOT NULL,
    number character varying(50) NOT NULL,
    address character varying(50) NOT NULL
);


ALTER TABLE public.body OWNER TO postgres;

--
-- Name: body_deviceposition; Type: TABLE; Schema: public; Owner: postgres
--

CREATE TABLE public.body_deviceposition (
    id bigint NOT NULL,
    x integer NOT NULL,
    y integer NOT NULL,
    is_active boolean NOT NULL,
    package_device_id bigint NOT NULL,
    layout_id bigint NOT NULL,
    CONSTRAINT body_deviceposition_x_check CHECK ((x >= 0)),
    CONSTRAINT body_deviceposition_y_check CHECK ((y >= 0))
);


ALTER TABLE public.body_deviceposition OWNER TO postgres;

--
-- Name: body_deviceposition_id_seq; Type: SEQUENCE; Schema: public; Owner: postgres
--

ALTER TABLE public.body_deviceposition ALTER COLUMN id ADD GENERATED BY DEFAULT AS IDENTITY (
    SEQUENCE NAME public.body_deviceposition_id_seq
    START WITH 1
    INCREMENT BY 1
    NO MINVALUE
    NO MAXVALUE
    CACHE 1
);


--
-- Name: body_id_seq; Type: SEQUENCE; Schema: public; Owner: postgres
--

ALTER TABLE public.body ALTER COLUMN id ADD GENERATED BY DEFAULT AS IDENTITY (
    SEQUENCE NAME public.body_id_seq
    START WITH 1
    INCREMENT BY 1
    NO MINVALUE
    NO MAXVALUE
    CACHE 1
);


--
-- Name: body_officelayout; Type: TABLE; Schema: public; Owner: postgres
--

CREATE TABLE public.body_officelayout (
    id bigint NOT NULL,
    name character varying(255) NOT NULL,
    width integer NOT NULL,
    height integer NOT NULL,
    created_at timestamp with time zone NOT NULL,
    office_id bigint NOT NULL,
    CONSTRAINT body_officelayout_height_check CHECK ((height >= 0)),
    CONSTRAINT body_officelayout_width_check CHECK ((width >= 0))
);


ALTER TABLE public.body_officelayout OWNER TO postgres;

--
-- Name: body_officelayout_id_seq; Type: SEQUENCE; Schema: public; Owner: postgres
--

ALTER TABLE public.body_officelayout ALTER COLUMN id ADD GENERATED BY DEFAULT AS IDENTITY (
    SEQUENCE NAME public.body_officelayout_id_seq
    START WITH 1
    INCREMENT BY 1
    NO MINVALUE
    NO MAXVALUE
    CACHE 1
);


--
-- Name: body_telegramuser; Type: TABLE; Schema: public; Owner: postgres
--

CREATE TABLE public.body_telegramuser (
    id bigint NOT NULL,
    chat_id character varying(50) NOT NULL,
    username character varying(150),
    created_at timestamp with time zone NOT NULL
);


ALTER TABLE public.body_telegramuser OWNER TO postgres;

--
-- Name: body_telegramuser_id_seq; Type: SEQUENCE; Schema: public; Owner: postgres
--

ALTER TABLE public.body_telegramuser ALTER COLUMN id ADD GENERATED BY DEFAULT AS IDENTITY (
    SEQUENCE NAME public.body_telegramuser_id_seq
    START WITH 1
    INCREMENT BY 1
    NO MINVALUE
    NO MAXVALUE
    CACHE 1
);


--
-- Name: breakdown_types; Type: TABLE; Schema: public; Owner: postgres
--

CREATE TABLE public.breakdown_types (
    id bigint NOT NULL,
    name character varying(255) NOT NULL
);


ALTER TABLE public.breakdown_types OWNER TO postgres;

--
-- Name: breakdown_types_id_seq; Type: SEQUENCE; Schema: public; Owner: postgres
--

ALTER TABLE public.breakdown_types ALTER COLUMN id ADD GENERATED BY DEFAULT AS IDENTITY (
    SEQUENCE NAME public.breakdown_types_id_seq
    START WITH 1
    INCREMENT BY 1
    NO MINVALUE
    NO MAXVALUE
    CACHE 1
);


--
-- Name: chat; Type: TABLE; Schema: public; Owner: postgres
--

CREATE TABLE public.chat (
    id bigint NOT NULL,
    name character varying(255) NOT NULL
);


ALTER TABLE public.chat OWNER TO postgres;

--
-- Name: chat_id_seq; Type: SEQUENCE; Schema: public; Owner: postgres
--

ALTER TABLE public.chat ALTER COLUMN id ADD GENERATED BY DEFAULT AS IDENTITY (
    SEQUENCE NAME public.chat_id_seq
    START WITH 1
    INCREMENT BY 1
    NO MINVALUE
    NO MAXVALUE
    CACHE 1
);


--
-- Name: devices; Type: TABLE; Schema: public; Owner: postgres
--

CREATE TABLE public.devices (
    id bigint NOT NULL,
    serial_number character varying(100) NOT NULL,
    type_id bigint NOT NULL,
    package_id bigint NOT NULL,
    condition_id bigint NOT NULL
);


ALTER TABLE public.devices OWNER TO postgres;

--
-- Name: devices_id_seq; Type: SEQUENCE; Schema: public; Owner: postgres
--

ALTER TABLE public.devices ALTER COLUMN id ADD GENERATED BY DEFAULT AS IDENTITY (
    SEQUENCE NAME public.devices_id_seq
    START WITH 1
    INCREMENT BY 1
    NO MINVALUE
    NO MAXVALUE
    CACHE 1
);


--
-- Name: django_admin_log; Type: TABLE; Schema: public; Owner: postgres
--

CREATE TABLE public.django_admin_log (
    id integer NOT NULL,
    action_time timestamp with time zone NOT NULL,
    object_id text,
    object_repr character varying(200) NOT NULL,
    action_flag smallint NOT NULL,
    change_message text NOT NULL,
    content_type_id integer,
    user_id integer NOT NULL,
    CONSTRAINT django_admin_log_action_flag_check CHECK ((action_flag >= 0))
);


ALTER TABLE public.django_admin_log OWNER TO postgres;

--
-- Name: django_admin_log_id_seq; Type: SEQUENCE; Schema: public; Owner: postgres
--

ALTER TABLE public.django_admin_log ALTER COLUMN id ADD GENERATED BY DEFAULT AS IDENTITY (
    SEQUENCE NAME public.django_admin_log_id_seq
    START WITH 1
    INCREMENT BY 1
    NO MINVALUE
    NO MAXVALUE
    CACHE 1
);


--
-- Name: django_content_type; Type: TABLE; Schema: public; Owner: postgres
--

CREATE TABLE public.django_content_type (
    id integer NOT NULL,
    app_label character varying(100) NOT NULL,
    model character varying(100) NOT NULL
);


ALTER TABLE public.django_content_type OWNER TO postgres;

--
-- Name: django_content_type_id_seq; Type: SEQUENCE; Schema: public; Owner: postgres
--

ALTER TABLE public.django_content_type ALTER COLUMN id ADD GENERATED BY DEFAULT AS IDENTITY (
    SEQUENCE NAME public.django_content_type_id_seq
    START WITH 1
    INCREMENT BY 1
    NO MINVALUE
    NO MAXVALUE
    CACHE 1
);


--
-- Name: django_migrations; Type: TABLE; Schema: public; Owner: postgres
--

CREATE TABLE public.django_migrations (
    id bigint NOT NULL,
    app character varying(255) NOT NULL,
    name character varying(255) NOT NULL,
    applied timestamp with time zone NOT NULL
);


ALTER TABLE public.django_migrations OWNER TO postgres;

--
-- Name: django_migrations_id_seq; Type: SEQUENCE; Schema: public; Owner: postgres
--

ALTER TABLE public.django_migrations ALTER COLUMN id ADD GENERATED BY DEFAULT AS IDENTITY (
    SEQUENCE NAME public.django_migrations_id_seq
    START WITH 1
    INCREMENT BY 1
    NO MINVALUE
    NO MAXVALUE
    CACHE 1
);


--
-- Name: django_session; Type: TABLE; Schema: public; Owner: postgres
--

CREATE TABLE public.django_session (
    session_key character varying(40) NOT NULL,
    session_data text NOT NULL,
    expire_date timestamp with time zone NOT NULL
);


ALTER TABLE public.django_session OWNER TO postgres;

--
-- Name: floors; Type: TABLE; Schema: public; Owner: postgres
--

CREATE TABLE public.floors (
    id bigint NOT NULL,
    number integer NOT NULL,
    body_id bigint NOT NULL
);


ALTER TABLE public.floors OWNER TO postgres;

--
-- Name: floors_bodies; Type: TABLE; Schema: public; Owner: postgres
--

CREATE TABLE public.floors_bodies (
    id bigint NOT NULL,
    floor_id bigint NOT NULL,
    body_id bigint NOT NULL
);


ALTER TABLE public.floors_bodies OWNER TO postgres;

--
-- Name: floors_bodies_id_seq; Type: SEQUENCE; Schema: public; Owner: postgres
--

ALTER TABLE public.floors_bodies ALTER COLUMN id ADD GENERATED BY DEFAULT AS IDENTITY (
    SEQUENCE NAME public.floors_bodies_id_seq
    START WITH 1
    INCREMENT BY 1
    NO MINVALUE
    NO MAXVALUE
    CACHE 1
);


--
-- Name: floors_id_seq; Type: SEQUENCE; Schema: public; Owner: postgres
--

ALTER TABLE public.floors ALTER COLUMN id ADD GENERATED BY DEFAULT AS IDENTITY (
    SEQUENCE NAME public.floors_id_seq
    START WITH 1
    INCREMENT BY 1
    NO MINVALUE
    NO MAXVALUE
    CACHE 1
);


--
-- Name: messages; Type: TABLE; Schema: public; Owner: postgres
--

CREATE TABLE public.messages (
    id bigint NOT NULL,
    messenges text NOT NULL,
    "time" timestamp with time zone NOT NULL,
    chat_id bigint NOT NULL,
    person1_id integer NOT NULL
);


ALTER TABLE public.messages OWNER TO postgres;

--
-- Name: messages_id_seq; Type: SEQUENCE; Schema: public; Owner: postgres
--

ALTER TABLE public.messages ALTER COLUMN id ADD GENERATED BY DEFAULT AS IDENTITY (
    SEQUENCE NAME public.messages_id_seq
    START WITH 1
    INCREMENT BY 1
    NO MINVALUE
    NO MAXVALUE
    CACHE 1
);


--
-- Name: offices; Type: TABLE; Schema: public; Owner: postgres
--

CREATE TABLE public.offices (
    id bigint NOT NULL,
    number character varying(50) NOT NULL,
    body_id bigint NOT NULL,
    floor_id bigint NOT NULL
);


ALTER TABLE public.offices OWNER TO postgres;

--
-- Name: offices_id_seq; Type: SEQUENCE; Schema: public; Owner: postgres
--

ALTER TABLE public.offices ALTER COLUMN id ADD GENERATED BY DEFAULT AS IDENTITY (
    SEQUENCE NAME public.offices_id_seq
    START WITH 1
    INCREMENT BY 1
    NO MINVALUE
    NO MAXVALUE
    CACHE 1
);


--
-- Name: package_device; Type: TABLE; Schema: public; Owner: postgres
--

CREATE TABLE public.package_device (
    id bigint NOT NULL,
    number character varying(100) NOT NULL,
    office_id bigint NOT NULL
);


ALTER TABLE public.package_device OWNER TO postgres;

--
-- Name: package_device_id_seq; Type: SEQUENCE; Schema: public; Owner: postgres
--

ALTER TABLE public.package_device ALTER COLUMN id ADD GENERATED BY DEFAULT AS IDENTITY (
    SEQUENCE NAME public.package_device_id_seq
    START WITH 1
    INCREMENT BY 1
    NO MINVALUE
    NO MAXVALUE
    CACHE 1
);


--
-- Name: schedules; Type: TABLE; Schema: public; Owner: postgres
--

CREATE TABLE public.schedules (
    id bigint NOT NULL,
    name text NOT NULL,
    datetime_start timestamp with time zone NOT NULL,
    datetime_end timestamp with time zone NOT NULL,
    office_id bigint NOT NULL,
    user_id integer NOT NULL
);


ALTER TABLE public.schedules OWNER TO postgres;

--
-- Name: schedules_id_seq; Type: SEQUENCE; Schema: public; Owner: postgres
--

ALTER TABLE public.schedules ALTER COLUMN id ADD GENERATED BY DEFAULT AS IDENTITY (
    SEQUENCE NAME public.schedules_id_seq
    START WITH 1
    INCREMENT BY 1
    NO MINVALUE
    NO MAXVALUE
    CACHE 1
);


--
-- Name: statuses; Type: TABLE; Schema: public; Owner: postgres
--

CREATE TABLE public.statuses (
    id bigint NOT NULL,
    name character varying(100) NOT NULL
);


ALTER TABLE public.statuses OWNER TO postgres;

--
-- Name: statuses_id_seq; Type: SEQUENCE; Schema: public; Owner: postgres
--

ALTER TABLE public.statuses ALTER COLUMN id ADD GENERATED BY DEFAULT AS IDENTITY (
    SEQUENCE NAME public.statuses_id_seq
    START WITH 1
    INCREMENT BY 1
    NO MINVALUE
    NO MAXVALUE
    CACHE 1
);


--
-- Name: type_devices; Type: TABLE; Schema: public; Owner: postgres
--

CREATE TABLE public.type_devices (
    id bigint NOT NULL,
    name character varying(255) NOT NULL
);


ALTER TABLE public.type_devices OWNER TO postgres;

--
-- Name: type_devices_id_seq; Type: SEQUENCE; Schema: public; Owner: postgres
--

ALTER TABLE public.type_devices ALTER COLUMN id ADD GENERATED BY DEFAULT AS IDENTITY (
    SEQUENCE NAME public.type_devices_id_seq
    START WITH 1
    INCREMENT BY 1
    NO MINVALUE
    NO MAXVALUE
    CACHE 1
);


--
-- Data for Name: account_userprofile; Type: TABLE DATA; Schema: public; Owner: postgres
--

COPY public.account_userprofile (id, avatar, user_id) FROM stdin;
1	avatars/часы_TE575Y2.png	12
2	avatars/Q2GYFQfyOAU.jpg	13
3	avatars/ФОТОАФАНАСЬЕВОЙ.jpg	14
4	avatars/ФотоЯковлев.jpg	15
5	avatars/ФотоКозлова.jpg	16
6	avatars/250.png	23
7	avatars/75d725dad4a522d6428a47e91ddf3c28.jpg	24
\.


--
-- Data for Name: applications; Type: TABLE DATA; Schema: public; Owner: postgres
--

COPY public.applications (id, reason, data, user_id, device_id, office_id, status_id, breakdown_type_id) FROM stdin;
40	ячсячс	2025-02-14 13:40:30.228027+03	1	10	1	1	\N
118	фвыфыв	2025-04-08 11:05:04.408055+03	1	14	2	1	1
119	фвыфыв	2025-04-08 11:05:04.430545+03	1	15	2	1	1
12	Не работает Мышка	2025-01-29 13:26:58.797271+03	1	50	1	3	\N
41	zxcxzc	2025-02-14 13:45:32.146637+03	1	10	1	1	\N
14	Сломано	2025-01-29 13:38:48.194112+03	1	55	1	3	\N
28	zxczxc	2025-02-14 11:41:53.930955+03	1	8	1	3	\N
42	ясмяс	2025-02-14 13:55:26.265418+03	1	10	1	1	\N
10	ячсчм	2025-01-29 13:24:44.642538+03	1	9	1	3	\N
2	они все сломали	2025-01-29 12:51:59.307628+03	1	2	2	3	\N
9	ячсчм	2025-01-29 13:24:44.637136+03	1	8	1	3	\N
8	ячсчм	2025-01-29 13:24:44.627666+03	1	7	1	3	\N
7	Сломано	2025-01-29 13:24:23.030316+03	1	80	1	3	\N
6	Сломано	2025-01-29 13:24:23.020841+03	1	79	1	3	\N
5	...	2025-01-29 12:53:34.293695+03	2	4	3	3	\N
4	...	2025-01-29 12:52:52.661047+03	1	5	4	3	\N
43	фывфывфывфыв	2025-02-14 13:56:15.100118+03	1	10	1	1	\N
63	йййййййййййййййййййййййййййййййй	2025-02-18 17:51:05.31403+03	1	60	1	3	\N
15	Причина	2025-01-29 16:13:00.357351+03	1	1	1	1	\N
16	Причина	2025-01-29 16:13:00.376506+03	1	6	1	1	\N
11	Не работает Мышка	2025-01-29 13:26:58.768908+03	1	49	1	3	\N
17	чсч	2025-02-10 15:16:04.967684+03	1	54	1	1	\N
18	чсч	2025-02-10 15:16:04.988206+03	1	55	1	1	\N
19	ссс	2025-02-10 15:17:16.3245+03	1	50	1	1	\N
20	ячсячс	2025-02-10 15:19:31.451797+03	1	1	1	1	\N
21	ячсячс	2025-02-10 15:19:31.458002+03	1	6	1	1	\N
27	zxczxc	2025-02-14 11:41:53.916744+03	1	10	1	1	\N
29	ячсяч	2025-02-14 11:45:54.934658+03	1	31	1	1	\N
30	ячсячсячс	2025-02-14 11:46:24.316365+03	1	10	1	1	\N
31	ячсячсячс	2025-02-14 11:46:24.342241+03	1	8	1	1	\N
32	ячсячсячс	2025-02-14 11:46:24.345827+03	1	5	1	1	\N
33	ячсячс	2025-02-14 12:03:39.20987+03	1	10	1	1	\N
34	ячсячс	2025-02-14 12:03:39.23236+03	1	8	1	1	\N
35	ячсячс	2025-02-14 12:05:20.29237+03	1	10	1	1	\N
36	ячсяч	2025-02-14 12:30:25.880707+03	1	10	1	1	\N
37	фывфыв	2025-02-14 13:02:03.952112+03	1	10	1	1	\N
38	фывфыв	2025-02-14 13:02:03.973205+03	1	9	1	1	\N
39	ячсяч	2025-02-14 13:27:24.989327+03	1	41	1	1	\N
44	zcxxc	2025-02-14 13:58:49.806308+03	1	9	1	1	\N
45	asdas	2025-02-14 13:59:33.915283+03	1	9	1	1	\N
46	zxczxczxc	2025-02-14 14:01:41.398926+03	1	5	1	1	\N
47	ячсч	2025-02-14 14:08:52.460592+03	1	29	1	1	\N
48	ячсяч	2025-02-14 14:10:29.950415+03	1	39	1	1	\N
49	ячсячс	2025-02-14 14:10:53.051835+03	1	1	1	1	\N
50	ячсчяс	2025-02-14 14:11:19.722218+03	1	10	1	1	\N
51	ячсясччс	2025-02-14 14:14:10.649875+03	1	6	1	1	\N
52	czxczxc	2025-02-18 12:10:10.386149+03	1	10	1	1	\N
53	czxczxc	2025-02-18 12:10:10.417044+03	1	6	1	1	\N
54	zxczx	2025-02-18 13:26:37.358119+03	1	5	1	1	\N
55	zczxxzcz	2025-02-18 13:27:32.349573+03	1	45	1	1	\N
56	zxczxc	2025-02-18 16:56:19.471659+03	1	6	1	1	\N
57	zxczxc	2025-02-18 16:56:19.491155+03	1	10	1	1	\N
58	ccccccccccccccccc	2025-02-18 16:56:31.679879+03	1	6	1	1	\N
59	ccccccccccccccccc	2025-02-18 16:56:31.685514+03	1	9	1	1	\N
60	ccccccccccccccccc	2025-02-18 16:56:31.688097+03	1	10	1	1	\N
61	ячсячс	2025-02-18 17:01:37.83042+03	1	49	1	1	\N
62	ячсячсячс	2025-02-18 17:50:37.362029+03	1	39	1	1	\N
76	фывфыв	2025-03-04 14:39:09.28987+03	1	45	1	3	\N
71	фывфывфыв	2025-03-04 14:30:16.033707+03	1	45	1	1	\N
72	ячсячс	2025-03-04 14:31:45.608488+03	1	45	1	1	\N
67	adasdasdasdasd	2025-02-19 09:04:30.840163+03	1	40	1	3	\N
3	...	2025-01-29 12:52:32.022284+03	1	3	1	3	\N
1	123123213321	2025-01-29 11:15:16.30055+03	1	1	1	3	\N
73	ысысы	2025-03-04 14:34:33.666748+03	1	44	1	1	\N
70	лор	2025-02-28 11:25:32.888281+03	1	6	1	3	\N
69	ячсячсячс	2025-02-20 15:29:18.341106+03	1	1	1	3	\N
68	ячсяс	2025-02-20 15:21:32.196556+03	1	5	1	3	\N
66	zxczxczxc	2025-02-19 09:02:58.362116+03	1	53	1	3	\N
13	Сломано	2025-01-29 13:38:48.182343+03	1	54	1	3	\N
65	ссссссссссссссссссссссссссссссссс	2025-02-18 17:58:01.643519+03	1	35	1	3	\N
64	ячсячсяччччччччччччччччччччччччччччччччччччч	2025-02-18 17:57:39.424868+03	1	43	1	3	\N
74	фвфывфы	2025-03-04 14:36:04.626762+03	1	39	1	1	\N
75	фвыфвыф	2025-03-04 14:38:59.439399+03	1	44	1	3	\N
77	фвыфвф	2025-03-04 14:39:43.285361+03	1	44	1	3	\N
78	уаууц	2025-03-04 14:42:20.825458+03	1	45	1	3	\N
79	выавфаф	2025-03-04 14:44:35.084097+03	1	45	1	3	\N
80	adfadfaf	2025-03-04 14:48:17.945622+03	1	45	1	3	\N
81	efaefafe	2025-03-04 15:00:38.573313+03	1	43	1	3	\N
83	qweqwe	2025-03-04 15:04:08.051456+03	1	10	1	1	\N
84	asdas	2025-03-04 15:07:56.644025+03	1	40	1	1	2
82	qweqwe	2025-03-04 15:04:08.044686+03	1	9	1	3	\N
120	фывфы	2025-04-08 11:05:23.610905+03	1	128	2	1	3
121	фывфы	2025-04-08 11:05:23.620962+03	1	129	2	1	3
122	фывфы	2025-04-08 11:05:23.6242+03	1	130	2	1	3
90	фывфыв	2025-03-05 11:50:18.677861+03	1	9	1	1	3
129	Закончился тонер	2025-05-13 12:44:11.67683+03	16	140	2	3	2
125	12weqeqw	2025-05-07 13:09:10.329439+03	13	88	2	3	1
124	ощфвсфтывщсшфы	2025-04-28 11:40:14.514063+03	7	90	2	3	2
123	афвафывфыв	2025-04-28 11:36:08.46049+03	1	86	2	3	1
110	вава	2025-03-05 13:33:06.861366+03	1	5	1	1	1
111	ячсчясячсчя	2025-03-05 13:33:51.437995+03	3	10	1	1	1
113	чямсмиро	2025-03-12 10:07:36.493192+03	1	28	1	1	2
116	12312увцй	2025-04-07 15:03:17.86722+03	1	23	3	3	1
128	фывыфв	2025-05-13 11:49:29.417463+03	1	3	3	3	1
127	фывыфв	2025-05-13 11:49:29.411127+03	1	20	3	3	1
126	2313123	2025-05-13 11:47:07.69994+03	1	25	3	3	2
117	фывфыв	2025-04-07 20:06:15.042046+03	1	23	3	3	3
115	12312увцй	2025-04-07 15:03:17.859196+03	1	22	3	3	1
114	123123	2025-04-07 13:08:00.29729+03	6	16	3	3	2
112	ячсчясячсчя	2025-03-05 13:33:51.448618+03	3	5	1	3	1
109	вава	2025-03-05 13:33:06.851698+03	1	1	1	3	1
108	ddd	2025-03-05 13:30:22.244419+03	1	1	1	3	1
107	asdasdas	2025-03-05 13:29:40.16812+03	1	5	1	3	2
106	asdasdas	2025-03-05 13:29:40.145369+03	1	10	1	3	2
105	adfadf	2025-03-05 13:28:51.949355+03	1	29	1	3	1
104	adfadf	2025-03-05 13:28:51.939816+03	1	30	1	3	1
103	cvcv	2025-03-05 13:27:10.543352+03	1	29	1	3	2
102	cvcv	2025-03-05 13:27:10.532825+03	1	30	1	3	2
101	zxczxc	2025-03-05 13:26:44.278499+03	1	10	1	3	1
100	zxczxc	2025-03-05 13:26:44.271456+03	1	1	1	3	1
99	adfdafad	2025-03-05 13:23:23.528969+03	1	9	1	3	3
98	adfdafad	2025-03-05 13:23:23.5167+03	1	10	1	3	3
97	asdasd	2025-03-05 12:05:44.384031+03	1	10	1	3	1
96	asdasd	2025-03-05 12:05:44.368842+03	1	1	1	3	1
95	фывфывфыв	2025-03-05 12:01:10.254231+03	1	5	1	3	1
94	фывфывфыв	2025-03-05 12:01:10.250237+03	1	9	1	3	1
93	фывфывфыв	2025-03-05 12:01:10.241184+03	1	10	1	3	1
92	фывфывфы	2025-03-05 11:55:36.85643+03	1	49	1	3	1
91	фывфыв	2025-03-05 11:50:18.701621+03	1	5	1	3	3
\.


--
-- Data for Name: auth_group; Type: TABLE DATA; Schema: public; Owner: postgres
--

COPY public.auth_group (id, name) FROM stdin;
1	admin
2	teacher
3	master
\.


--
-- Data for Name: auth_group_permissions; Type: TABLE DATA; Schema: public; Owner: postgres
--

COPY public.auth_group_permissions (id, group_id, permission_id) FROM stdin;
\.


--
-- Data for Name: auth_permission; Type: TABLE DATA; Schema: public; Owner: postgres
--

COPY public.auth_permission (id, name, content_type_id, codename) FROM stdin;
1	Can add log entry	1	add_logentry
2	Can change log entry	1	change_logentry
3	Can delete log entry	1	delete_logentry
4	Can view log entry	1	view_logentry
5	Can add permission	2	add_permission
6	Can change permission	2	change_permission
7	Can delete permission	2	delete_permission
8	Can view permission	2	view_permission
9	Can add group	3	add_group
10	Can change group	3	change_group
11	Can delete group	3	delete_group
12	Can view group	3	view_group
13	Can add user	4	add_user
14	Can change user	4	change_user
15	Can delete user	4	delete_user
16	Can view user	4	view_user
17	Can add content type	5	add_contenttype
18	Can change content type	5	change_contenttype
19	Can delete content type	5	delete_contenttype
20	Can view content type	5	view_contenttype
21	Can add session	6	add_session
22	Can change session	6	change_session
23	Can delete session	6	delete_session
24	Can view session	6	view_session
25	Can add type device	7	add_typedevice
26	Can change type device	7	change_typedevice
27	Can delete type device	7	delete_typedevice
28	Can view type device	7	view_typedevice
29	Can add body	8	add_body
30	Can change body	8	change_body
31	Can delete body	8	delete_body
32	Can view body	8	view_body
33	Can add status	9	add_status
34	Can change status	9	change_status
35	Can delete status	9	delete_status
36	Can view status	9	view_status
37	Can add floor	10	add_floor
38	Can change floor	10	change_floor
39	Can delete floor	10	delete_floor
40	Can view floor	10	view_floor
41	Can add office	11	add_office
42	Can change office	11	change_office
43	Can delete office	11	delete_office
44	Can view office	11	view_office
45	Can add package device	12	add_packagedevice
46	Can change package device	12	change_packagedevice
47	Can delete package device	12	delete_packagedevice
48	Can view package device	12	view_packagedevice
49	Can add device	13	add_device
50	Can change device	13	change_device
51	Can delete device	13	delete_device
52	Can view device	13	view_device
53	Can add application	14	add_application
54	Can change application	14	change_application
55	Can delete application	14	delete_application
56	Can view application	14	view_application
57	Can add chat	15	add_chat
58	Can change chat	15	change_chat
59	Can delete chat	15	delete_chat
60	Can view chat	15	view_chat
61	Can add user	16	add_user
62	Can change user	16	change_user
63	Can delete user	16	delete_user
64	Can view user	16	view_user
65	Can add message	17	add_message
66	Can change message	17	change_message
67	Can delete message	17	delete_message
68	Can view message	17	view_message
69	Can add schedule	18	add_schedule
70	Can change schedule	18	change_schedule
71	Can delete schedule	18	delete_schedule
72	Can view schedule	18	view_schedule
73	Can add breakdown type	19	add_breakdowntype
74	Can change breakdown type	19	change_breakdowntype
75	Can delete breakdown type	19	delete_breakdowntype
76	Can view breakdown type	19	view_breakdowntype
77	Can add office layout	20	add_officelayout
78	Can change office layout	20	change_officelayout
79	Can delete office layout	20	delete_officelayout
80	Can view office layout	20	view_officelayout
81	Can add device position	21	add_deviceposition
82	Can change device position	21	change_deviceposition
83	Can delete device position	21	delete_deviceposition
84	Can view device position	21	view_deviceposition
85	Can add profile	22	add_profile
86	Can change profile	22	change_profile
87	Can delete profile	22	delete_profile
88	Can view profile	22	view_profile
89	Can add user profile	23	add_userprofile
90	Can change user profile	23	change_userprofile
91	Can delete user profile	23	delete_userprofile
92	Can view user profile	23	view_userprofile
93	Can add telegram user	24	add_telegramuser
94	Can change telegram user	24	change_telegramuser
95	Can delete telegram user	24	delete_telegramuser
96	Can view telegram user	24	view_telegramuser
\.


--
-- Data for Name: auth_user; Type: TABLE DATA; Schema: public; Owner: postgres
--

COPY public.auth_user (id, password, last_login, is_superuser, username, first_name, last_name, email, is_staff, is_active, date_joined) FROM stdin;
15	pbkdf2_sha256$870000$YBRzes2nkznkrL2kWju9PD$IFroXdT8E63ptp+DrsVH3GCyGy+0PNAAB28tkW3cFEo=	2025-05-20 10:49:30.823127+03	f	Yakovlev	А.В.	Яковлев	yakovlev@gmail.com	f	t	2025-05-13 11:57:46.793477+03
23	pbkdf2_sha256$870000$jl0DaWET3jw6Zn2Iwi2ngK$f5aGEmj0G299ctEinW/Q6Btfvi2sdZrXJLZDP/Vr3o4=	2025-05-26 13:41:30.882123+03	f	asdasdsssssssss	Н.А.	Афанасьева	heethlightsh.cl.t.e.2.108@gmail.com	f	t	2025-05-26 13:41:14.837176+03
2	pbkdf2_sha256$870000$gfsWmRplO7GyABHLAi1PPy$AM9n69xBAGqgiBMVcCqG/COXLbGbarp32df697DTvzk=	2025-01-29 11:22:48.762887+03	t	root				t	t	2025-01-29 11:22:38.58139+03
9	pbkdf2_sha256$870000$0uo9Idx1AxHfVQqSNGlANf$E7Qx0h2jY/lob0jUt7ow3NVwr4jUYSqScRNUB88ETEU=	2025-05-13 13:09:27.609057+03	f	Bahis	А.Ы.	Бащмаков	dmitry.mikhailov@yandex.ru	f	t	2025-05-05 23:18:42+03
24	pbkdf2_sha256$870000$zf1YSE9gVggNIeBv3SLiNF$0ao27lZWxA7wFaCgD4TrPx51+3oy4tVf9oefzqNup2k=	\N	f	dasssssssssssssssssssssssssss	asds	asdasd	selbywiesemanni.yu.b.v9.605@gmail.com	f	f	2025-05-26 13:45:49.051557+03
4	pbkdf2_sha256$870000$GzVWcbZ6901sbuICe8gp6r$gEcgw3Ve0imhAy/+wd7T6x9SBE9489ObEdvfC+Cz0os=	\N	f	somebody				f	t	2025-01-29 12:56:00.211675+03
5	pbkdf2_sha256$870000$RzX3nDcC3aMRita3PuJM1A$1y31ZOzwF7L4o1T/Ykzg9lGXRBSAOb3nm/GWzUoBBm8=	\N	f	test_user				f	t	2025-01-29 12:56:22.156322+03
16	pbkdf2_sha256$870000$LGo8VYFsfnphlh9mR8Sudj$K80janpHKGnRDGlDqgaQ1Tta11cCqJ4IOAy9CNBHT6g=	2025-05-20 23:53:10.066194+03	f	Kozlova	И.Р.	Козлова	kozl@gmail.com	f	t	2025-05-13 12:22:01+03
17	pbkdf2_sha256$870000$cRtlNDpLqIOviNzo2P9PU8$a6wlpJB7JtdTa+7tsOCc7di48fXSsKjSI2MlfURBrRA=	\N	f	affsdasdas	А.В.d	Яковлев	yakovlev@gmail.com	f	f	2025-05-26 13:28:05.322857+03
10	pbkdf2_sha256$870000$NPPsDIDIU3NaxZqlx98Txm$E4xc5Bj73WXtFl7EBIFpa1ffViWxeYxY12goJE45Z08=	\N	f	tetteter	ere	ererere	dmitry.mikhailov@yandex.ru	f	t	2025-05-06 22:47:39.138225+03
11	pbkdf2_sha256$870000$nxmafS1QcE6BpQhvIWSnH1$JV5aAgfcdJu3trbdKA+svNC/tIItOx0ujd3+KT7vZwc=	\N	f	vsdvdsfdsf	sd	sd	dmitry.mikhailov@yandex.ru	f	t	2025-05-06 22:48:08.091009+03
12	pbkdf2_sha256$870000$TXJuEp17kf4VseEp7WTQfL$y0T4PhJWoa1FpcdJqAwrWGj9fCuE37rql/y25RsKxo4=	2025-05-13 14:12:21.208083+03	f	adasdasd	ad	sd	dmitry.mikhailov@yandex.ru	f	t	2025-05-06 22:49:18+03
1	pbkdf2_sha256$870000$2vXgSsCXzj9qtoVWlSy9kw$r7HkX9VFdxgm9pVr4UphWY+24OmDsi2tfLrHYIFSnCU=	2025-06-08 00:12:45.579668+03	t	admin				t	t	2025-01-29 10:53:38+03
18	pbkdf2_sha256$870000$EuF7fXbN2T2PwTWZVMrMv5$1Sj5IoAyCMBdzJdtTdksHVQkfzceKDqtlMrAO+Jt/9w=	2025-05-26 13:29:19.320299+03	f	qweqweqweqwe	zxczxc	zcxzxc	roqem3c@psnator.com	f	t	2025-05-26 13:28:48.014091+03
19	pbkdf2_sha256$870000$LGmqIKAuEjqjVhI1Kcd60i$Z7cwvEECLcESzHUI0qjDrufW1TL+O1vTogd0sYVEPR4=	2025-05-26 13:30:27.096429+03	f	dasdasdadas	А.В.	Яковлев	ch.e.s.ra.eb.lissar@googlemail.com	f	t	2025-05-26 13:30:08.193681+03
20	pbkdf2_sha256$870000$774Btom3c7lCuSbaiYteqQ$lRb1eTrQyPcEUGU3f9pKJq/LlkPFMrFTyDHnlslaNik=	\N	f	qeweqew	А.В.d	Яковлев	rhtwt@smartnator.com	f	f	2025-05-26 13:31:05.88833+03
13	pbkdf2_sha256$870000$sUIuuHda1Uhh58L0vjqvOZ$jib+CqOzFQ5pMFzpnMVKLRMsNt+U56VdZwTjxk12JHM=	2025-05-07 13:08:49.036316+03	f	zxczczxczc	zxczxc	zcxzxc	afanasieva@gmail.com	f	t	2025-05-06 23:04:37.710487+03
21	pbkdf2_sha256$870000$PBSrTPeBcE982BSv3IYiVn$4e9odlrxpSL2SfnIXGRBrZniqumBaOFvZGmD4agBHII=	\N	f	asdasdasdasdasdasd	А.В.	Яковлев	realpalomakoch@gmail.com	f	f	2025-05-26 13:33:01.903137+03
22	pbkdf2_sha256$870000$fbxfTVSde5N5aga01knIgn$kPWtOWc+hNRsPQhyJXI2XT1T/R9Fqmm1pjCCxo4vZ94=	2025-05-26 13:36:31.609937+03	f	zzzzzzzzzzxxxxxxxxxxx	zxczxc	zcxzxc	hryniewichchaviano.ddwd2.3.7.3@gmail.com	f	t	2025-05-26 13:36:12.885166+03
3	pbkdf2_sha256$870000$4i5CqSbmFAfb2zdTYsqfkn$waeCxJZxEd8vO0GXjYIRMd4ju2Ukw6bo2udllnZ/UvA=	2025-05-13 11:54:06.879695+03	f	teacher1				f	t	2025-01-29 12:55:34.47905+03
8	pbkdf2_sha256$870000$IFTIqZRE5tbVmLg7OaAxto$F/VuKrMfpMOx+E5k2pBX9t2Yy6ywhcQ/AXm0jLtZ/PU=	\N	f	basho	А.В	Бащмаков	dmitry.mikhailov@yandex.ru	f	t	2025-05-05 23:17:02.529352+03
14	pbkdf2_sha256$870000$CYz5U1NwPeCNi9TJ9EbivK$rgCLeW93fRPJ4nvRd5geblWXg106qrfY0kY/y0v6jMo=	2025-06-13 11:03:03.931977+03	f	Afanasieva	Н.А.	Афанасьева	afanasieva@gmail.com	f	t	2025-05-13 11:55:34+03
7	pbkdf2_sha256$870000$boOCPZd1Dh2JnFv7Cdwln9$6FzlJ2P8owoVv2+qb5x/Xg7S0dIiyBSWy3jL6OiUkns=	2025-05-20 10:48:41.842086+03	f	azarenko	Н.Ю.	Азаренко	asdasd@adsd.sa	f	t	2025-04-28 11:38:14+03
6	pbkdf2_sha256$870000$GjcMh72v7OmApbVals0HOv$TDZF+MJjp5ZZPvt/bYcFDm3mFjm9Z/XJv6hBBOsBGnk=	2025-05-20 10:49:21.308189+03	f	test	Н.А.	Афанасьева	afanasieva@gmail.com	f	t	2025-04-07 11:59:09.681612+03
\.


--
-- Data for Name: auth_user_groups; Type: TABLE DATA; Schema: public; Owner: postgres
--

COPY public.auth_user_groups (id, user_id, group_id) FROM stdin;
1	1	1
2	7	2
3	9	3
5	13	2
7	15	2
9	12	3
10	14	3
11	16	3
12	17	2
13	18	2
14	19	2
15	20	2
16	21	2
17	22	2
18	23	2
19	24	2
\.


--
-- Data for Name: auth_user_user_permissions; Type: TABLE DATA; Schema: public; Owner: postgres
--

COPY public.auth_user_user_permissions (id, user_id, permission_id) FROM stdin;
\.


--
-- Data for Name: body; Type: TABLE DATA; Schema: public; Owner: postgres
--

COPY public.body (id, number, address) FROM stdin;
2	2	Площадь Ленина
1	1	Проспект Станке Димитрова
\.


--
-- Data for Name: body_deviceposition; Type: TABLE DATA; Schema: public; Owner: postgres
--

COPY public.body_deviceposition (id, x, y, is_active, package_device_id, layout_id) FROM stdin;
1	0	0	t	36	1
2	1	0	t	37	1
3	2	0	t	38	1
4	3	0	t	39	1
5	1	0	t	16	2
6	2	0	t	17	2
9	0	1	t	3	3
10	1	1	t	4	3
11	2	1	t	29	3
8	0	5	t	26	3
12	3	1	t	30	3
13	0	2	t	191	3
14	1	2	t	32	3
15	2	2	t	33	3
16	3	2	t	34	3
17	0	3	t	35	3
18	1	3	t	196	3
19	2	3	t	197	3
20	3	3	t	198	3
21	0	4	t	199	3
22	1	4	t	200	3
23	2	4	t	201	3
24	3	4	t	202	3
7	3	0	t	18	2
25	0	0	t	19	2
26	0	1	t	20	2
27	1	1	t	21	2
28	2	1	t	22	2
29	3	1	t	23	2
30	1	2	t	24	2
31	2	2	t	25	2
32	3	2	t	207	2
33	0	2	t	208	2
34	0	3	t	209	2
35	1	3	t	210	2
36	2	3	t	211	2
37	3	3	t	212	2
38	0	4	t	215	2
39	0	0	t	216	4
40	0	1	t	217	4
41	0	2	t	218	4
42	0	3	t	219	4
43	1	0	t	220	4
44	1	1	t	221	4
45	1	2	t	222	4
46	2	0	t	223	4
\.


--
-- Data for Name: body_officelayout; Type: TABLE DATA; Schema: public; Owner: postgres
--

COPY public.body_officelayout (id, name, width, height, created_at, office_id) FROM stdin;
1	228	10	10	2025-04-28 11:22:40.643508+03	4
3	ЧетыреНаШесть	4	6	2025-05-13 11:38:00.897087+03	3
2	481	4	5	2025-04-28 11:35:05.459811+03	2
4	ТриНаЧетыре	4	3	2025-05-13 13:08:51.446412+03	29
\.


--
-- Data for Name: body_telegramuser; Type: TABLE DATA; Schema: public; Owner: postgres
--

COPY public.body_telegramuser (id, chat_id, username, created_at) FROM stdin;
1	962427219	kaleria_32	2025-06-13 11:04:02.745639+03
\.


--
-- Data for Name: breakdown_types; Type: TABLE DATA; Schema: public; Owner: postgres
--

COPY public.breakdown_types (id, name) FROM stdin;
1	Программный тип
2	Физический тип
3	механический тип
\.


--
-- Data for Name: chat; Type: TABLE DATA; Schema: public; Owner: postgres
--

COPY public.chat (id, name) FROM stdin;
1	Тестовый чат
2	Чат2
\.


--
-- Data for Name: devices; Type: TABLE DATA; Schema: public; Owner: postgres
--

COPY public.devices (id, serial_number, type_id, package_id, condition_id) FROM stdin;
23	SN-226C	3	4	1
16	SN-228A	1	3	1
8	SN-481C	3	1	1
29	SN-257D	4	5	1
30	SN-257E	5	5	1
49	SN-4D	4	9	1
9	SN-481D	4	1	1
1	111	1	1	1
11	SN-482A	1	2	2
12	SN-482B	2	2	2
13	SN-482C	3	2	3
10	SN-481E	5	1	1
135	23323	1	215	2
17	SN-228B	2	3	2
18	SN-228C	3	3	3
19	SN-228D	4	3	4
90	SN-12E	5	17	1
21	SN-226A	1	4	2
24	SN-226D	4	4	4
26	SN-257A	1	5	2
27	SN-257B	2	5	2
31	SN-1A	1	6	2
32	SN-1B	2	6	2
33	SN-1C	3	6	3
36	SN-2A	1	7	2
37	SN-2B	2	7	2
38	SN-2C	3	7	3
41	SN-3A	1	8	2
42	SN-3B	2	8	2
46	SN-4A	1	9	2
47	SN-4B	2	9	2
48	SN-4C	3	9	3
51	SN-5A	1	10	2
52	SN-5B	2	10	2
56	SN-6A	1	11	2
57	SN-6B	2	11	2
58	SN-6C	3	11	3
59	SN-6D	4	11	4
61	SN-7A	1	12	2
62	SN-7B	2	12	2
63	SN-7C	3	12	3
64	SN-7D	4	12	4
65	SN-7E	5	12	5
66	SN-8A	1	13	2
67	SN-8B	2	13	2
68	SN-8C	3	13	3
69	SN-8D	4	13	4
70	SN-8E	5	13	5
71	SN-9A	1	14	2
72	SN-9B	2	14	2
73	SN-9C	3	14	3
74	SN-9D	4	14	4
75	SN-9E	5	14	5
76	SN-10A	1	15	2
77	SN-10B	2	15	2
78	SN-10C	3	15	3
81	SN-11A	1	16	2
82	SN-11B	2	16	2
83	SN-11C	3	16	3
84	SN-11D	4	16	4
85	SN-11E	5	16	5
87	SN-12B	2	17	2
89	SN-12D	4	17	4
91	SN-13A	1	18	2
92	SN-13B	2	18	2
93	SN-13C	3	18	3
94	SN-13D	4	18	4
95	SN-13E	5	18	5
96	SN-14A	1	19	2
97	SN-14B	2	19	2
98	SN-14C	3	19	3
99	SN-14D	4	19	4
100	SN-14E	5	19	5
101	SN-15A	1	20	2
102	SN-15B	2	20	2
103	SN-15C	3	20	3
104	SN-15D	4	20	4
105	SN-15E	5	20	5
106	SN-16A	1	21	2
107	SN-16B	2	21	2
108	SN-16C	3	21	3
109	SN-16D	4	21	4
110	SN-16E	5	21	5
111	SN-17A	1	22	2
112	SN-17B	2	22	2
113	SN-17C	3	22	3
114	SN-17D	4	22	4
115	SN-17E	5	22	5
116	SN-18A	1	23	2
4	325345234	4	3	1
2	123123123	5	3	1
7	SN-481B	2	1	1
80	SN-10E	5	15	1
79	SN-10D	4	15	1
35	SN-1E	5	6	1
55	SN-5E	5	10	1
6	SN-481A	1	1	1
40	SN-2E	5	7	4
34	SN-1D	4	6	4
53	SN-5C	3	10	1
54	SN-5D	4	10	4
60	SN-6E	5	11	1
44	SN-3D	4	8	1
39	SN-2D	4	7	4
43	SN-3C	3	8	1
45	SN-3E	5	8	1
28	SN-257C	3	5	4
14	SN-482D	4	2	4
15	SN-482E	5	2	4
86	SN-12A	1	17	4
50	SN-4E	5	9	1
3	123123123	5	3	1
20	SN-228E	5	3	1
25	SN-226E	5	4	1
117	SN-18B	2	23	2
119	SN-18D	4	23	4
120	SN-18E	5	23	5
121	SN-19A	1	24	2
122	SN-19B	2	24	2
124	SN-19D	4	24	4
22	SN-226B	2	4	1
5	56745674567	4	1	1
136	3232333	2	215	2
137	55555	5	215	2
138	13213123	6	215	2
128	SN-20C	3	25	4
129	SN-20D	4	25	4
130	SN-20E	5	25	4
131	11111111111	1	26	2
132	11111112	2	26	2
139	44424323	7	215	2
134	1111115	6	26	1
133	111113	5	26	1
141	332323	1	223	2
142	232323	2	223	2
143	123233	5	223	2
144	4123233	6	223	2
140	12321333	8	215	1
88	SN-12C	3	17	1
145	-	6	224	2
146	-	5	224	2
147	-	2	224	2
148	-	1	224	2
149	-	6	225	2
150	-	5	225	2
151	-	2	225	2
152	-	1	225	2
153	-	6	226	2
154	-	5	226	2
155	-	2	226	2
156	-	1	226	2
127	SN-20B	2	25	4
123	SN-19C	3	24	4
125	SN-19E	5	24	4
126	SN-20A	1	25	4
118	SN-18C	3	23	4
\.


--
-- Data for Name: django_admin_log; Type: TABLE DATA; Schema: public; Owner: postgres
--

COPY public.django_admin_log (id, action_time, object_id, object_repr, action_flag, change_message, content_type_id, user_id) FROM stdin;
1	2025-01-29 10:54:14.630822+03	1	Мышка	1	[{"added": {}}]	7	1
2	2025-01-29 10:54:46.20183+03	1	1	1	[{"added": {}}]	8	1
3	2025-01-29 10:55:09.328897+03	1	Этаж 1 (1)	1	[{"added": {}}]	10	1
4	2025-01-29 10:55:16.746104+03	2	Этаж 2 (1)	1	[{"added": {}}]	10	1
5	2025-01-29 10:55:51.147669+03	1	Офис 257 (Этаж: 2, Корпус: 1)	1	[{"added": {}}]	11	1
6	2025-01-29 10:56:10.687736+03	1	Я пьян	1	[{"added": {}}]	9	1
7	2025-01-29 10:56:20.804512+03	1	1 — 257	1	[{"added": {}}]	12	1
8	2025-01-29 10:56:26.355188+03	1	Device 111 (Type ID: Мышка, Package: 1, Condition: Я пьян)	1	[{"added": {}}]	13	1
9	2025-01-29 11:14:39.370101+03	2	Я в хлам	1	[{"added": {}}]	9	1
10	2025-01-29 11:14:43.408233+03	3	Я дебил	1	[{"added": {}}]	9	1
11	2025-01-29 11:14:50.856631+03	4	Старый, зачем насрал?	1	[{"added": {}}]	9	1
12	2025-01-29 11:18:37.753601+03	1	ГАВНО ЗАЛУП ПЕНИС ХЕР	1	[{"added": {}}]	15	1
13	2025-01-29 12:27:48.389741+03	2	2	1	[{"added": {}}]	8	1
14	2025-01-29 12:28:32.776656+03	1	1	2	[{"changed": {"fields": ["Address"]}}]	8	1
15	2025-01-29 12:34:24.623947+03	3	Этаж 123123 (123123)	1	[{"added": {}}]	10	1
16	2025-01-29 12:35:17.855818+03	3	Этаж 3 (3)	2	[{"changed": {"fields": ["Number"]}}]	10	1
17	2025-01-29 12:38:14.894025+03	2	Клавиатура	1	[{"added": {}}]	7	1
18	2025-01-29 12:38:49.302975+03	3	Мышка + Клавиатура	1	[{"added": {}}]	7	1
19	2025-01-29 12:39:02.332437+03	4	Дисковод	1	[{"added": {}}]	7	1
20	2025-01-29 12:39:11.511162+03	5	Монитор	1	[{"added": {}}]	7	1
21	2025-01-29 12:42:11.91903+03	1	Проблема с питанием	2	[{"changed": {"fields": ["Name"]}}]	9	1
22	2025-01-29 12:42:18.08375+03	2	Исправен	2	[{"changed": {"fields": ["Name"]}}]	9	1
23	2025-01-29 12:42:25.311843+03	3	Проблема с проводом	2	[{"changed": {"fields": ["Name"]}}]	9	1
24	2025-01-29 12:42:35.06103+03	4	Неисправен, неизвестная причина	2	[{"changed": {"fields": ["Name"]}}]	9	1
25	2025-01-29 12:42:50.791176+03	5	Не работает	1	[{"added": {}}]	9	1
26	2025-01-29 12:43:17.661508+03	4	Этаж 4 (4)	1	[{"added": {}}]	10	1
27	2025-01-29 12:43:29.842336+03	2	Офис 481 (Этаж: 4, Корпус: 2)	1	[{"added": {}}]	11	1
28	2025-01-29 12:43:47.907997+03	3	Офис 482 (Этаж: 4, Корпус: 2)	1	[{"added": {}}]	11	1
29	2025-01-29 12:43:58.558047+03	4	Офис 228 (Этаж: 2, Корпус: 1)	1	[{"added": {}}]	11	1
30	2025-01-29 12:44:15.321234+03	5	Офис 226 (Этаж: 2, Корпус: 1)	1	[{"added": {}}]	11	1
31	2025-01-29 12:44:26.066167+03	1	Офис 257 (Этаж: 2, Корпус: 2)	2	[{"changed": {"fields": ["Body"]}}]	11	1
32	2025-01-29 12:46:18.669556+03	2	1 — 481	1	[{"added": {}}]	12	1
33	2025-01-29 12:46:27.498502+03	3	2 — 482	1	[{"added": {}}]	12	1
34	2025-01-29 12:46:35.720434+03	4	3 — 482	1	[{"added": {}}]	12	1
35	2025-01-29 12:46:44.637886+03	5	1 — 257	1	[{"added": {}}]	12	1
36	2025-01-29 12:47:17.572045+03	1	Тестовый чат	2	[{"changed": {"fields": ["Name"]}}]	15	1
37	2025-01-29 12:47:34.917972+03	7	root: тут текст	2	[{"changed": {"fields": ["Messenges"]}}]	17	1
38	2025-01-29 12:47:47.826932+03	6	admin: тут другой текст	2	[{"changed": {"fields": ["Messenges"]}}]	17	1
39	2025-01-29 12:48:12.96075+03	5	root: ++++	2	[{"changed": {"fields": ["Messenges"]}}]	17	1
40	2025-01-29 12:50:28.744659+03	2	Device 123123123 (Type ID: Монитор, Package: 2, Condition: Неисправен, неизвестная причина)	1	[{"added": {}}]	13	1
41	2025-01-29 12:50:45.499261+03	3	Device 123123123 (Type ID: Монитор, Package: 2, Condition: Неисправен, неизвестная причина)	1	[{"added": {}}]	13	1
42	2025-01-29 12:51:00.456296+03	4	Device 325345234 (Type ID: Дисковод, Package: 2, Condition: Проблема с проводом)	1	[{"added": {}}]	13	1
43	2025-01-29 12:51:13.40188+03	5	Device 56745674567 (Type ID: Дисковод, Package: 1, Condition: Не работает)	1	[{"added": {}}]	13	1
44	2025-01-29 12:51:59.310703+03	2	Application 2 (Office: 481, Device: 123123123)	1	[{"added": {}}]	14	1
45	2025-01-29 12:52:32.025076+03	3	Application 3 (Office: 257, Device: 123123123)	1	[{"added": {}}]	14	1
46	2025-01-29 12:52:52.663841+03	4	Application 4 (Office: 228, Device: 56745674567)	1	[{"added": {}}]	14	1
47	2025-01-29 12:53:05.351304+03	6	В обработке	1	[{"added": {}}]	9	1
48	2025-01-29 12:53:11.468623+03	7	Исправлено	1	[{"added": {}}]	9	1
49	2025-01-29 12:53:34.296084+03	5	Application 5 (Office: 482, Device: 325345234)	1	[{"added": {}}]	14	1
50	2025-01-29 12:53:46.713552+03	5	Этаж 5 (5)	1	[{"added": {}}]	10	1
51	2025-01-29 12:55:35.883806+03	3	teacher1	1	[{"added": {}}]	4	1
52	2025-01-29 12:56:01.484079+03	4	somebody	1	[{"added": {}}]	4	1
53	2025-01-29 12:56:23.425785+03	5	test_user	1	[{"added": {}}]	4	1
54	2025-01-29 13:09:55.031669+03	6	Офис 1 (Этаж: 1, Корпус: 1)	1	[{"added": {}}]	11	1
55	2025-01-29 13:10:03.208718+03	7	Офис 2 (Этаж: 1, Корпус: 1)	1	[{"added": {}}]	11	1
56	2025-01-29 13:10:12.741381+03	8	Офис 3 (Этаж: 2, Корпус: 1)	1	[{"added": {}}]	11	1
57	2025-01-29 13:10:20.582855+03	9	Офис 4 (Этаж: 2, Корпус: 1)	1	[{"added": {}}]	11	1
58	2025-01-29 13:10:32.412906+03	10	Офис 5 (Этаж: 3, Корпус: 1)	1	[{"added": {}}]	11	1
59	2025-01-29 13:10:49.043107+03	11	Офис 6 (Этаж: 1, Корпус: 2)	1	[{"added": {}}]	11	1
60	2025-01-29 13:10:55.36122+03	12	Офис 7 (Этаж: 1, Корпус: 2)	1	[{"added": {}}]	11	1
61	2025-01-29 13:11:00.650602+03	13	Офис 8 (Этаж: 1, Корпус: 2)	1	[{"added": {}}]	11	1
62	2025-01-29 13:11:09.05247+03	14	Офис 11 (Этаж: 2, Корпус: 2)	1	[{"added": {}}]	11	1
63	2025-01-29 13:11:15.1692+03	15	Офис 12 (Этаж: 2, Корпус: 2)	1	[{"added": {}}]	11	1
64	2025-01-29 13:12:18.910916+03	16	Офис 12 (Этаж: 3, Корпус: 2)	1	[{"added": {}}]	11	1
65	2025-01-29 13:12:30.195954+03	17	Офис 14 (Этаж: 4, Корпус: 2)	1	[{"added": {}}]	11	1
66	2025-01-29 13:12:36.959728+03	18	Офис 15 (Этаж: 5, Корпус: 2)	1	[{"added": {}}]	11	1
67	2025-01-29 13:25:08.60556+03	1	Сломано	2	[{"changed": {"fields": ["Name"]}}]	9	1
68	2025-01-29 13:25:41.393133+03	3	Работает	2	[{"changed": {"fields": ["Name"]}}]	9	1
69	2025-01-29 13:28:53.091654+03	1	Тестовый чат	2	[]	15	1
70	2025-01-29 13:39:55.551149+03	2	Чат2	1	[{"added": {}}]	15	1
71	2025-02-13 12:28:24.052938+03	1	Предмет 1	1	[{"added": {}}]	18	1
72	2025-02-14 10:49:42.614903+03	2	Предмет 2	1	[{"added": {}}]	18	1
73	2025-02-18 13:54:02.208064+03	3	Предмет3	1	[{"added": {}}]	18	1
74	2025-02-19 09:04:16.514681+03	4	Предмет4	1	[{"added": {}}]	18	1
75	2025-02-20 11:17:20.003741+03	1	Сломано	2	[]	9	1
76	2025-02-20 15:34:56.871114+03	5	Предмет 5	1	[{"added": {}}]	18	1
77	2025-02-27 14:15:00.34336+03	65	TESTOVOE	1	[{"added": {}}]	18	1
78	2025-02-27 14:16:35.981+03	65	TESTOVOE	3		18	1
79	2025-03-04 13:26:58.571258+03	1	Программный тип	1	[{"added": {}}]	19	1
80	2025-03-04 13:27:08.53087+03	2	Физический тип	1	[{"added": {}}]	19	1
81	2025-03-04 13:27:17.49646+03	3	механический тип	1	[{"added": {}}]	19	1
82	2025-03-04 13:46:29.000475+03	84	ТЕСТСЫ	1	[{"added": {}}]	18	1
83	2025-04-07 12:55:02.962607+03	3	Офис 482 (Этаж: 4, Корпус: 2)	2	[]	11	1
84	2025-04-28 11:22:40.672465+03	1	228 (Офис 228 (Этаж: 2, Корпус: 1))	1	[{"added": {}}, {"added": {"name": "device position", "object": "1 \\u2014 228 at (0, 0)"}}, {"added": {"name": "device position", "object": "2 \\u2014 228 at (1, 0)"}}, {"added": {"name": "device position", "object": "3 \\u2014 228 at (2, 0)"}}, {"added": {"name": "device position", "object": "4 \\u2014 228 at (3, 0)"}}]	20	1
85	2025-04-28 11:35:05.470233+03	2	481 (Офис 481 (Этаж: 4, Корпус: 2))	1	[{"added": {}}, {"added": {"name": "device position", "object": "1 \\u2014 481 at (1, 0)"}}, {"added": {"name": "device position", "object": "2 \\u2014 481 at (2, 0)"}}, {"added": {"name": "device position", "object": "1 \\u2014 481 at (3, 0)"}}]	20	1
86	2025-05-06 21:59:21.906501+03	1	admin	1	[{"added": {}}]	3	1
87	2025-05-06 21:59:29.823507+03	2	teacher	1	[{"added": {}}]	3	1
88	2025-05-06 21:59:36.443946+03	3	master	1	[{"added": {}}]	3	1
89	2025-05-06 22:00:03.65073+03	1	admin	2	[{"changed": {"fields": ["Groups"]}}]	4	1
90	2025-05-06 22:00:14.847632+03	7	azarenko	2	[{"changed": {"fields": ["Groups"]}}]	4	1
91	2025-05-06 22:00:27.256956+03	9	Bahis	2	[{"changed": {"fields": ["Groups"]}}]	4	1
92	2025-05-06 22:49:46.294291+03	12	adasdasd	2	[{"changed": {"fields": ["Groups"]}}]	4	1
93	2025-05-13 11:25:21.793394+03	19	Офис 214 (Этаж: 2, Корпус: 1)	1	[{"added": {}}]	11	1
94	2025-05-13 11:25:37.854778+03	20	Офис 215 (Этаж: 2, Корпус: 1)	1	[{"added": {}}]	11	1
95	2025-05-13 11:25:49.717752+03	21	Офис 224 (Этаж: 2, Корпус: 1)	1	[{"added": {}}]	11	1
96	2025-05-13 11:26:08.632557+03	22	Офис 207 (Этаж: 2, Корпус: 1)	1	[{"added": {}}]	11	1
97	2025-05-13 11:26:32.057654+03	23	Офис 483 (Этаж: 4, Корпус: 2)	1	[{"added": {}}]	11	1
98	2025-05-13 11:26:42.383336+03	24	Офис 484 (Этаж: 4, Корпус: 2)	1	[{"added": {}}]	11	1
99	2025-05-13 11:26:51.150801+03	25	Офис 485 (Этаж: 4, Корпус: 2)	1	[{"added": {}}]	11	1
100	2025-05-13 11:26:59.643143+03	26	Офис 486 (Этаж: 4, Корпус: 2)	1	[{"added": {}}]	11	1
101	2025-05-13 11:28:24.902492+03	27	Офис 481 (Этаж: 4, Корпус: 2)	1	[{"added": {}}]	11	1
102	2025-05-13 11:28:49.618028+03	27	Офис 481 (Этаж: 4, Корпус: 2)	3		11	1
103	2025-05-13 11:31:03.364241+03	186	1 — 482	1	[{"added": {}}]	12	1
104	2025-05-13 11:31:12.925006+03	187	2 — 482	1	[{"added": {}}]	12	1
105	2025-05-13 11:31:26.645493+03	188	3 — 482	1	[{"added": {}}]	12	1
106	2025-05-13 11:31:31.217211+03	189	4 — 482	1	[{"added": {}}]	12	1
107	2025-05-13 11:31:37.722884+03	190	5 — 482	1	[{"added": {}}]	12	1
108	2025-05-13 11:31:42.544387+03	191	6 — 482	1	[{"added": {}}]	12	1
109	2025-05-13 11:31:50.324161+03	192	7 — 482	1	[{"added": {}}]	12	1
110	2025-05-13 11:31:56.990551+03	193	8 — 482	1	[{"added": {}}]	12	1
111	2025-05-13 11:32:02.793047+03	194	9 — 482	1	[{"added": {}}]	12	1
112	2025-05-13 11:32:08.989685+03	195	10 — 482	1	[{"added": {}}]	12	1
113	2025-05-13 11:32:14.611896+03	196	11 — 482	1	[{"added": {}}]	12	1
114	2025-05-13 11:32:20.17433+03	197	12 — 482	1	[{"added": {}}]	12	1
115	2025-05-13 11:32:24.469185+03	198	13 — 482	1	[{"added": {}}]	12	1
116	2025-05-13 11:32:29.496566+03	199	14 — 482	1	[{"added": {}}]	12	1
117	2025-05-13 11:32:34.183676+03	200	15 — 482	1	[{"added": {}}]	12	1
118	2025-05-13 11:32:38.96517+03	201	16 — 482	1	[{"added": {}}]	12	1
119	2025-05-13 11:32:44.130472+03	202	17 — 482	1	[{"added": {}}]	12	1
120	2025-05-13 11:32:49.453342+03	203	18 — 482	1	[{"added": {}}]	12	1
121	2025-05-13 11:32:54.698807+03	204	19 — 482	1	[{"added": {}}]	12	1
122	2025-05-13 11:33:00.081075+03	205	20 — 482	1	[{"added": {}}]	12	1
123	2025-05-13 11:33:05.97903+03	206	21 — 482	1	[{"added": {}}]	12	1
124	2025-05-13 11:33:29.180836+03	6	Системный блок	1	[{"added": {}}]	7	1
125	2025-05-13 11:34:50.441147+03	131	Device 11111111111 (Type ID: Мышка, Package: 1, Condition: Исправен)	1	[{"added": {}}]	13	1
126	2025-05-13 11:35:15.722871+03	132	Device 11111112 (Type ID: Клавиатура, Package: 1, Condition: Исправен)	1	[{"added": {}}]	13	1
127	2025-05-13 11:35:44.920334+03	133	Device 111113 (Type ID: Монитор, Package: 1, Condition: Исправен)	1	[{"added": {}}]	13	1
128	2025-05-13 11:36:00.001838+03	134	Device 1111115 (Type ID: Системный блок, Package: 1, Condition: Исправен)	1	[{"added": {}}]	13	1
129	2025-05-13 11:38:00.914772+03	3	ЧетыреНаШесть (Офис 482 (Этаж: 4, Корпус: 2))	1	[{"added": {}}, {"added": {"name": "device position", "object": "1 \\u2014 482 at (0, 0)"}}, {"added": {"name": "device position", "object": "2 \\u2014 482 at (0, 1)"}}, {"added": {"name": "device position", "object": "3 \\u2014 482 at (1, 1)"}}, {"added": {"name": "device position", "object": "4 \\u2014 482 at (2, 1)"}}]	20	1
130	2025-05-13 11:39:21.121138+03	3	ЧетыреНаШесть (Офис 482 (Этаж: 4, Корпус: 2))	2	[{"changed": {"name": "device position", "object": "1 \\u2014 482 at (3, 5)", "fields": ["X", "Y"]}}]	20	1
131	2025-05-13 11:39:46.096548+03	3	ЧетыреНаШесть (Офис 482 (Этаж: 4, Корпус: 2))	2	[{"changed": {"name": "device position", "object": "1 \\u2014 482 at (0, 5)", "fields": ["X"]}}]	20	1
132	2025-05-13 11:42:24.273534+03	3	ЧетыреНаШесть (Офис 482 (Этаж: 4, Корпус: 2))	2	[{"added": {"name": "device position", "object": "5 \\u2014 482 at (3, 1)"}}, {"added": {"name": "device position", "object": "6 \\u2014 482 at (0, 2)"}}, {"added": {"name": "device position", "object": "7 \\u2014 482 at (1, 2)"}}, {"added": {"name": "device position", "object": "8 \\u2014 482 at (2, 2)"}}, {"added": {"name": "device position", "object": "9 \\u2014 482 at (3, 2)"}}, {"added": {"name": "device position", "object": "10 \\u2014 482 at (0, 3)"}}, {"added": {"name": "device position", "object": "11 \\u2014 482 at (1, 3)"}}, {"added": {"name": "device position", "object": "12 \\u2014 482 at (2, 3)"}}, {"added": {"name": "device position", "object": "13 \\u2014 482 at (3, 3)"}}]	20	1
133	2025-05-13 11:44:01.577939+03	3	ЧетыреНаШесть (Офис 482 (Этаж: 4, Корпус: 2))	2	[{"added": {"name": "device position", "object": "14 \\u2014 482 at (0, 4)"}}, {"added": {"name": "device position", "object": "15 \\u2014 482 at (1, 4)"}}, {"added": {"name": "device position", "object": "16 \\u2014 482 at (2, 4)"}}, {"added": {"name": "device position", "object": "17 \\u2014 482 at (3, 4)"}}]	20	1
134	2025-05-13 12:24:02.922242+03	2	481 (Офис 481 (Этаж: 4, Корпус: 2))	2	[{"added": {"name": "device position", "object": "4 \\u2014 481 at (0, 0)"}}, {"added": {"name": "device position", "object": "5 \\u2014 481 at (0, 1)"}}, {"added": {"name": "device position", "object": "6 \\u2014 481 at (1, 1)"}}, {"added": {"name": "device position", "object": "7 \\u2014 481 at (2, 1)"}}, {"added": {"name": "device position", "object": "8 \\u2014 481 at (3, 1)"}}, {"added": {"name": "device position", "object": "9 \\u2014 481 at (1, 2)"}}, {"added": {"name": "device position", "object": "10 \\u2014 481 at (2, 2)"}}, {"changed": {"name": "device position", "object": "3 \\u2014 481 at (3, 0)", "fields": ["Package device"]}}]	20	1
135	2025-05-13 12:25:08.884715+03	207	11 — 481	1	[{"added": {}}]	12	1
136	2025-05-13 12:25:14.94221+03	208	12 — 481	1	[{"added": {}}]	12	1
137	2025-05-13 12:25:20.878357+03	209	13 — 481	1	[{"added": {}}]	12	1
138	2025-05-13 12:25:25.986426+03	210	14 — 481	1	[{"added": {}}]	12	1
139	2025-05-13 12:25:31.208638+03	211	15 — 481	1	[{"added": {}}]	12	1
140	2025-05-13 12:25:38.784906+03	212	16 — 481	1	[{"added": {}}]	12	1
141	2025-05-13 12:25:43.133708+03	213	17 — 481	1	[{"added": {}}]	12	1
142	2025-05-13 12:25:47.935191+03	214	18 — 481	1	[{"added": {}}]	12	1
143	2025-05-13 12:25:54.40524+03	215	19 — 481	1	[{"added": {}}]	12	1
144	2025-05-13 12:27:39.716462+03	2	481 (Офис 481 (Этаж: 4, Корпус: 2))	2	[{"changed": {"fields": ["Height"]}}, {"added": {"name": "device position", "object": "11 \\u2014 481 at (3, 2)"}}, {"added": {"name": "device position", "object": "12 \\u2014 481 at (0, 2)"}}, {"added": {"name": "device position", "object": "13 \\u2014 481 at (0, 3)"}}, {"added": {"name": "device position", "object": "14 \\u2014 481 at (1, 3)"}}, {"added": {"name": "device position", "object": "15 \\u2014 481 at (2, 3)"}}, {"added": {"name": "device position", "object": "16 \\u2014 481 at (3, 3)"}}, {"added": {"name": "device position", "object": "19 \\u2014 481 at (0, 4)"}}]	20	1
145	2025-05-13 12:30:56.348037+03	135	Device 23323 (Type ID: Мышка, Package: 19, Condition: Исправен)	1	[{"added": {}}]	13	1
146	2025-05-13 12:31:07.286812+03	136	Device 3232333 (Type ID: Клавиатура, Package: 19, Condition: Исправен)	1	[{"added": {}}]	13	1
147	2025-05-13 12:31:18.661778+03	137	Device 55555 (Type ID: Монитор, Package: 19, Condition: Исправен)	1	[{"added": {}}]	13	1
148	2025-05-13 12:31:28.597658+03	138	Device 13213123 (Type ID: Системный блок, Package: 19, Condition: Исправен)	1	[{"added": {}}]	13	1
149	2025-05-13 12:31:38.646402+03	7	Проектор	1	[{"added": {}}]	7	1
150	2025-05-13 12:31:42.633153+03	8	Принтер	1	[{"added": {}}]	7	1
151	2025-05-13 12:32:02.287276+03	139	Device 44424323 (Type ID: Проектор, Package: 19, Condition: Исправен)	1	[{"added": {}}]	13	1
152	2025-05-13 12:32:13.544097+03	140	Device 12321333 (Type ID: Принтер, Package: 19, Condition: Исправен)	1	[{"added": {}}]	13	1
153	2025-05-13 12:49:34.406764+03	16	Kozlova	2	[{"changed": {"fields": ["password"]}}]	4	1
154	2025-05-13 12:50:13.732097+03	16	Kozlova	2	[{"changed": {"fields": ["password"]}}]	4	1
155	2025-05-13 12:56:43.212401+03	133	Device 111113 (Type ID: Монитор, Package: 1, Condition: Исправен)	2	[{"changed": {"fields": ["Condition"]}}]	13	1
156	2025-05-13 13:04:00.326037+03	28	Офис 1 (Этаж: 1, Корпус: 1)	1	[{"added": {}}]	11	1
157	2025-05-13 13:04:25.832177+03	28	Офис 1 (Этаж: 1, Корпус: 1)	3		11	1
158	2025-05-13 13:04:51.892096+03	29	Офис 3 (Этаж: 1, Корпус: 1)	1	[{"added": {}}]	11	1
159	2025-05-13 13:05:15.219981+03	216	1 — 3	1	[{"added": {}}]	12	1
160	2025-05-13 13:05:22.623793+03	217	2 — 3	1	[{"added": {}}]	12	1
161	2025-05-13 13:05:28.876385+03	218	3 — 3	1	[{"added": {}}]	12	1
162	2025-05-13 13:05:33.519026+03	219	4 — 3	1	[{"added": {}}]	12	1
163	2025-05-13 13:05:38.471961+03	220	5 — 3	1	[{"added": {}}]	12	1
164	2025-05-13 13:05:45.082988+03	221	6 — 3	1	[{"added": {}}]	12	1
165	2025-05-13 13:05:50.511864+03	222	7 — 3	1	[{"added": {}}]	12	1
166	2025-05-13 13:05:58.072719+03	223	8 — 3	1	[{"added": {}}]	12	1
167	2025-05-13 13:06:15.805678+03	141	Device 332323 (Type ID: Мышка, Package: 8, Condition: Исправен)	1	[{"added": {}}]	13	1
168	2025-05-13 13:06:27.941035+03	142	Device 232323 (Type ID: Клавиатура, Package: 8, Condition: Исправен)	1	[{"added": {}}]	13	1
169	2025-05-13 13:06:39.293677+03	143	Device 123233 (Type ID: Монитор, Package: 8, Condition: Исправен)	1	[{"added": {}}]	13	1
170	2025-05-13 13:06:51.952488+03	144	Device 4123233 (Type ID: Системный блок, Package: 8, Condition: Исправен)	1	[{"added": {}}]	13	1
171	2025-05-13 13:08:51.469799+03	4	ТриНаЧетыре (Офис 3 (Этаж: 1, Корпус: 1))	1	[{"added": {}}, {"added": {"name": "device position", "object": "1 \\u2014 3 at (0, 0)"}}, {"added": {"name": "device position", "object": "2 \\u2014 3 at (0, 1)"}}, {"added": {"name": "device position", "object": "3 \\u2014 3 at (0, 2)"}}, {"added": {"name": "device position", "object": "4 \\u2014 3 at (0, 3)"}}, {"added": {"name": "device position", "object": "5 \\u2014 3 at (1, 0)"}}, {"added": {"name": "device position", "object": "6 \\u2014 3 at (1, 1)"}}, {"added": {"name": "device position", "object": "7 \\u2014 3 at (1, 2)"}}, {"added": {"name": "device position", "object": "8 \\u2014 3 at (2, 0)"}}]	20	1
172	2025-05-13 14:11:49.477025+03	12	adasdasd	2	[{"changed": {"fields": ["Groups"]}}]	4	1
173	2025-05-13 21:36:45.836695+03	14	Afanasieva	2	[{"changed": {"fields": ["Groups"]}}]	4	1
174	2025-05-15 14:20:05.922148+03	224	123123 — 3	1	[{"added": {}}]	12	1
175	2025-05-15 14:20:27.57717+03	148	Device - (Type ID: Мышка, Package: 123123, Condition: Исправен)	2	[]	13	1
176	2025-05-15 14:22:58.13718+03	225	13123123 — 3	1	[{"added": {}}]	12	1
177	2025-05-15 14:23:17.167408+03	225	13123123 — 3	2	[]	12	1
178	2025-05-15 14:24:11.963179+03	225	13123123 — 3	2	[]	12	1
179	2025-05-15 15:40:37.706545+03	1	Этаж 1	2	[{"changed": {"fields": ["Bodies"]}}]	10	1
180	2025-05-15 15:40:45.567874+03	2	Этаж 2	2	[{"changed": {"fields": ["Bodies"]}}]	10	1
181	2025-05-15 15:40:52.033164+03	4	Этаж 4	2	[{"changed": {"fields": ["Bodies"]}}]	10	1
182	2025-05-15 15:44:48.456887+03	226	1234567890 — 226	1	[{"added": {}}]	12	1
183	2025-05-20 10:50:18.323938+03	16	Kozlova	2	[{"changed": {"fields": ["Groups"]}}]	4	1
\.


--
-- Data for Name: django_content_type; Type: TABLE DATA; Schema: public; Owner: postgres
--

COPY public.django_content_type (id, app_label, model) FROM stdin;
1	admin	logentry
2	auth	permission
3	auth	group
4	auth	user
5	contenttypes	contenttype
6	sessions	session
7	type_devices	typedevice
8	body	body
9	body	status
10	body	floor
11	body	office
12	body	packagedevice
13	body	device
14	body	application
15	chat	chat
16	chat	user
17	chat	message
18	body	schedule
19	body	breakdowntype
20	body	officelayout
21	body	deviceposition
22	account	profile
23	account	userprofile
24	body	telegramuser
\.


--
-- Data for Name: django_migrations; Type: TABLE DATA; Schema: public; Owner: postgres
--

COPY public.django_migrations (id, app, name, applied) FROM stdin;
1	contenttypes	0001_initial	2025-01-29 10:52:02.696876+03
2	auth	0001_initial	2025-01-29 10:52:02.815605+03
3	admin	0001_initial	2025-01-29 10:52:02.847733+03
4	admin	0002_logentry_remove_auto_add	2025-01-29 10:52:02.857875+03
5	admin	0003_logentry_add_action_flag_choices	2025-01-29 10:52:02.869158+03
6	contenttypes	0002_remove_content_type_name	2025-01-29 10:52:02.895116+03
7	auth	0002_alter_permission_name_max_length	2025-01-29 10:52:02.908197+03
8	auth	0003_alter_user_email_max_length	2025-01-29 10:52:02.920928+03
9	auth	0004_alter_user_username_opts	2025-01-29 10:52:02.930797+03
10	auth	0005_alter_user_last_login_null	2025-01-29 10:52:02.942772+03
11	auth	0006_require_contenttypes_0002	2025-01-29 10:52:02.945277+03
12	auth	0007_alter_validators_add_error_messages	2025-01-29 10:52:02.95608+03
13	auth	0008_alter_user_username_max_length	2025-01-29 10:52:02.97422+03
14	auth	0009_alter_user_last_name_max_length	2025-01-29 10:52:02.987307+03
15	auth	0010_alter_group_name_max_length	2025-01-29 10:52:02.999562+03
16	auth	0011_update_proxy_permissions	2025-01-29 10:52:03.017358+03
17	auth	0012_alter_user_first_name_max_length	2025-01-29 10:52:03.027899+03
18	type_devices	0001_initial	2025-01-29 10:52:03.038203+03
19	body	0001_initial	2025-01-29 10:52:03.176058+03
20	chat	0001_initial	2025-01-29 10:52:03.224238+03
21	sessions	0001_initial	2025-01-29 10:52:03.242383+03
22	chat	0002_alter_message_person1_delete_user	2025-01-29 11:20:47.796124+03
23	body	0002_remove_floor_body_alter_body_address	2025-01-29 12:32:07.019101+03
24	body	0003_schedule	2025-02-13 12:24:51.331467+03
25	body	0004_breakdowntype	2025-03-04 13:24:23.239782+03
26	body	0005_application_breakdown_type	2025-03-04 13:33:51.127333+03
27	body	0006_officelayout_deviceposition	2025-04-28 11:18:02.105507+03
28	account	0001_initial	2025-05-05 23:17:38.980653+03
29	account	0002_delete_profile	2025-05-05 23:22:29.710482+03
30	account	0003_initial	2025-05-06 22:48:51.866929+03
31	body	0007_floor_body	2025-05-15 14:30:47.989978+03
32	body	0008_remove_floor_body	2025-05-15 14:32:10.230388+03
33	body	0009_floor_body_alter_floor_unique_together	2025-05-15 15:21:25.244722+03
34	body	0009_floor_bodies	2025-05-15 15:38:13.53712+03
35	body	0010_alter_application_data_alter_body_number_and_more	2025-05-20 21:58:54.071388+03
36	body	0011_telegramuser	2025-06-13 11:02:09.460978+03
\.


--
-- Data for Name: django_session; Type: TABLE DATA; Schema: public; Owner: postgres
--

COPY public.django_session (session_key, session_data, expire_date) FROM stdin;
sgzwkkutjyu3qnft93zpy5xoxplrzgt3	.eJxVjEsOAiEQBe_C2hBo_i7dewbS0CijBpJhZmW8uyGZhW5fVb03i7hvNe6jrHEhdmbATr9bwvwsbQJ6YLt3nnvb1iXxqfCDDn7tVF6Xw_07qDjqrMkmrRUqRe7myIksUYNyUmTtSOUUgvMeEEhIFMViKGCMlSIFCV4b9vkC2TM3Aw:1td3LU:rYEZxak4RRE_8scy7SXYCeu0MVNhYwelQLgYdlXSbc4	2025-02-12 11:22:48.766418+03
2hzakbzikf0harmru1qk9ez6lyrovy8g	.eJxVjL0OwyAQg9-FuUIk3AHq2L3PgO74KWkrIoVkivruJVKGdrFkf7Z34Wlbi99aWvwUxVUM4vKbMYVXqgeIT6qPWYa5rsvE8qjIkzZ5n2N6387u30GhVvpaU1AmImqFLkfGAe2IgE5DtlpF1l0caeg4sAOCzAa6N8oAjtaIzxe6CTZ2:1td3Mq:iVUuQemdQPd8JTOIZXOX5UGIvfFHlBd151LZKPtoDm4	2025-02-12 11:24:12.293134+03
s6uam3d0f4wndy5jwvqg776lohz86yic	.eJxVjL0OwyAQg9-FuUIk3AHq2L3PgO74KWkrIoVkivruJVKGdrFkf7Z34Wlbi99aWvwUxVUM4vKbMYVXqgeIT6qPWYa5rsvE8qjIkzZ5n2N6387u30GhVvpaU1AmImqFLkfGAe2IgE5DtlpF1l0caeg4sAOCzAa6N8oAjtaIzxe6CTZ2:1td3Ym:D6pkeCdHkXz19LsJi3gGYFvcUX6xU-ViAbR_jgmUoAY	2025-02-12 11:36:32.688414+03
8n6rnr588i6sdu3rg191sdbspd90l0nw	.eJxVjDsOwjAQBe_iGln-r0NJnzNYa--CAyiR4qRC3B0spYD2zcx7iYT7VtPeeE0TibPQQZx-x4zlwXMndMf5tsiyzNs6ZdkVedAmx4X4eTncv4OKrfYawIeMkWPgaEHrIQ9MoEwBY31xFHyOV3QKCxptlPORv8yCGoDIKvH-APy9N30:1uHTxW:U0g3f7AfYkMmGkZTMjbAQXiMtypnez3Kb0elPiXUiOI	2025-06-03 23:53:10.084139+03
k9qedl5tgnvlfgvwkgj5f8hs0i1tm6p5	.eJxVjDsOwyAQRO9CHSHAyy9lep8BLQsEJxGWjF1FuXtsyUWi6ea9mTcLuK01bD0vYUrsyqRhl98yIj1zO0h6YLvPnOa2LlPkh8JP2vk4p_y6ne7fQcVe9zXqqAYvBHqgpGzUdlBZajKUwNnkwRkvsJAUUEgRgiMti3Nlj81g2OcL_Yg36w:1uEmEj:1bQZu8jsdCDHpnE-C5Ggfskzin4PYEccZNCDGmNCQX8	2025-05-27 12:47:45.800502+03
4xhu16b8t68by17rp077mxocesbjgl4m	.eJxVjL0OwyAQg9-FuUIk3AHq2L3PgO74KWkrIoVkivruJVKGdrFkf7Z34Wlbi99aWvwUxVUM4vKbMYVXqgeIT6qPWYa5rsvE8qjIkzZ5n2N6387u30GhVvpaU1AmImqFLkfGAe2IgE5DtlpF1l0caeg4sAOCzAa6N8oAjtaIzxe6CTZ2:1td7rP:_-Sbfc3-TuJbnN6WHnwlg3GP2h4FMxSoLC21G426NWc	2025-02-12 16:12:03.057115+03
k3cqxk2kx84rz24zdq70o6v76x2kk9fw	.eJxVjMsOwiAQRf-FtSG8QZfu_QYyMINUDSSlXRn_3TbpQrfnnHvfLMK61LgOmuOE7MKkYadfmCA_qe0GH9DunefelnlKfE_4YQe_daTX9Wj_DiqMuq01gkKU5pxSsQpBWC18UNl7k6wTSJK0cxYkykBhowKTBlICqBTrFPt8AQr8OCM:1uPzNP:3DaODmIj7l6o5oBSjtxvoC6I_4y-Q9tmSXLZ7T05q3E	2025-06-27 11:03:03.940548+03
s1zti914s0mi5qffwboukf2iw922z59q	.eJxVjL0OwyAQg9-FuUIk3AHq2L3PgO74KWkrIoVkivruJVKGdrFkf7Z34Wlbi99aWvwUxVUM4vKbMYVXqgeIT6qPWYa5rsvE8qjIkzZ5n2N6387u30GhVvpaU1AmImqFLkfGAe2IgE5DtlpF1l0caeg4sAOCzAa6N8oAjtaIzxe6CTZ2:1truxo:JTqPANG2OHQ8geaXZvymJKiyaY1a1DNZ6SdktcTC0QQ	2025-03-25 11:27:48.659485+03
n5ur4gvm8mirv18hlpfdidrcxiracelz	.eJxVjEEOwiAQRe_C2hCgMIBL956BzDBUqoYmpV0Z765NutDtf-_9l0i4rTVtvSxpYnEWUZx-N8L8KG0HfMd2m2We27pMJHdFHrTL68zleTncv4OKvX7rEZCVAw2aDOGYfbHWW0NEJmKIEAbFAyrDOlrNoBX4gORsNBxUcFm8P-FONz4:1uEnMP:8tyDVqGyg8DFZNOQqYNuuCrSA7St28YsoMc2WPKOrUY	2025-05-27 13:59:45.764726+03
h21zx4xffjhd8q0lliook5poylxjojqp	.eJxVjL0OwyAQg9-FuUIk3AHq2L3PgO74KWkrIoVkivruJVKGdrFkf7Z34Wlbi99aWvwUxVUM4vKbMYVXqgeIT6qPWYa5rsvE8qjIkzZ5n2N6387u30GhVvpaU1AmImqFLkfGAe2IgE5DtlpF1l0caeg4sAOCzAa6N8oAjtaIzxe6CTZ2:1u1kz6:8Olcdryayv-P5APuvyHYvjnGWKJkeQLtCrzfjYD-Lew	2025-04-21 14:49:48.46928+03
z466d6kvgvb9dwretiiosr5m6foy2bex	.eJxVjMsOwiAQRf-FtSG8QZfu_QYyMINUDSSlXRn_3TbpQrfnnHvfLMK61LgOmuOE7MKkYadfmCA_qe0GH9DunefelnlKfE_4YQe_daTX9Wj_DiqMuq01gkKU5pxSsQpBWC18UNl7k6wTSJK0cxYkykBhowKTBlICqBTrFPt8AQr8OCM:1uEuUt:0GgrDo9qg8Hv7hEEdkrZPPkjxFPIMrHzYopZvkaCnL8	2025-05-27 21:36:59.970455+03
d1gci1ygm8vzwuxkbfvjsslkji2r4xkr	.eJxVjL0OwyAQg9-FuUIk3AHq2L3PgO74KWkrIoVkivruJVKGdrFkf7Z34Wlbi99aWvwUxVUM4vKbMYVXqgeIT6qPWYa5rsvE8qjIkzZ5n2N6387u30GhVvpaU1AmImqFLkfGAe2IgE5DtlpF1l0caeg4sAOCzAa6N8oAjtaIzxe6CTZ2:1uFXtS:OlcPsapiIkWRO3fpRvbcwOmfn1q5uFplIec9YWSWe3k	2025-05-29 15:40:58.857574+03
\.


--
-- Data for Name: floors; Type: TABLE DATA; Schema: public; Owner: postgres
--

COPY public.floors (id, number, body_id) FROM stdin;
3	3	1
5	5	1
1	1	1
2	2	1
4	4	1
\.


--
-- Data for Name: floors_bodies; Type: TABLE DATA; Schema: public; Owner: postgres
--

COPY public.floors_bodies (id, floor_id, body_id) FROM stdin;
1	1	1
2	1	2
3	2	1
4	2	2
5	4	1
6	4	2
\.


--
-- Data for Name: messages; Type: TABLE DATA; Schema: public; Owner: postgres
--

COPY public.messages (id, messenges, "time", chat_id, person1_id) FROM stdin;
2	123213132	2025-01-29 11:20:56.744139+03	1	1
3	Привет андрей	2025-01-29 11:21:09.86934+03	1	1
4	123123132	2025-01-29 11:22:03.269343+03	1	1
8	ячсячс	2025-01-29 11:34:14.562274+03	1	2
9	ccc	2025-01-29 11:36:23.303652+03	1	2
10	Привет	2025-01-29 11:36:46.788076+03	1	2
11	Привет	2025-01-29 11:37:15.35531+03	1	1
7	тут текст	2025-01-29 11:24:49.034104+03	1	2
6	тут другой текст	2025-01-29 11:24:22.575092+03	1	1
5	++++	2025-01-29 11:23:07.925948+03	1	2
\.


--
-- Data for Name: offices; Type: TABLE DATA; Schema: public; Owner: postgres
--

COPY public.offices (id, number, body_id, floor_id) FROM stdin;
2	481	2	4
4	228	1	2
5	226	1	2
1	257	2	2
6	1	1	1
7	2	1	1
8	3	1	2
9	4	1	2
10	5	1	3
11	6	2	1
12	7	2	1
13	8	2	1
14	11	2	2
15	12	2	2
16	12	2	3
17	14	2	4
18	15	2	5
3	482	2	4
19	214	1	2
20	215	1	2
21	224	1	2
22	207	1	2
23	483	2	4
24	484	2	4
25	485	2	4
26	486	2	4
29	3	1	1
\.


--
-- Data for Name: package_device; Type: TABLE DATA; Schema: public; Owner: postgres
--

COPY public.package_device (id, number, office_id) FROM stdin;
1	1	1
2	1	2
3	2	3
4	3	3
5	1	1
6	1	1
7	2	1
8	3	1
9	4	1
10	5	1
11	6	1
12	7	1
13	8	1
14	9	1
15	10	1
16	1	2
17	2	2
18	3	2
19	4	2
20	5	2
21	6	2
22	7	2
23	8	2
24	9	2
25	10	2
26	1	3
27	2	3
28	3	3
29	4	3
30	5	3
31	6	3
32	7	3
33	8	3
34	9	3
35	10	3
36	1	4
37	2	4
38	3	4
39	4	4
40	5	4
41	6	4
42	7	4
43	8	4
44	9	4
45	10	4
46	1	5
47	2	5
48	3	5
49	4	5
50	5	5
51	6	5
52	7	5
53	8	5
54	9	5
55	10	5
56	1	6
57	2	6
58	3	6
59	4	6
60	5	6
61	6	6
62	7	6
63	8	6
64	9	6
65	10	6
66	1	7
67	2	7
68	3	7
69	4	7
70	5	7
71	6	7
72	7	7
73	8	7
74	9	7
75	10	7
76	1	8
77	2	8
78	3	8
79	4	8
80	5	8
81	6	8
82	7	8
83	8	8
84	9	8
85	10	8
86	1	9
87	2	9
88	3	9
89	4	9
90	5	9
91	6	9
92	7	9
93	8	9
94	9	9
95	10	9
96	1	10
97	2	10
98	3	10
99	4	10
100	5	10
101	6	10
102	7	10
103	8	10
104	9	10
105	10	10
106	1	11
107	2	11
108	3	11
109	4	11
110	5	11
111	6	11
112	7	11
113	8	11
114	9	11
115	10	11
116	1	12
117	2	12
118	3	12
119	4	12
120	5	12
121	6	12
122	7	12
123	8	12
124	9	12
125	10	12
126	1	13
127	2	13
128	3	13
129	4	13
130	5	13
131	6	13
132	7	13
133	8	13
134	9	13
135	10	13
136	1	14
137	2	14
138	3	14
139	4	14
140	5	14
141	6	14
142	7	14
143	8	14
144	9	14
145	10	14
146	1	15
147	2	15
148	3	15
149	4	15
150	5	15
151	6	15
152	7	15
153	8	15
154	9	15
155	10	15
156	1	16
157	2	16
158	3	16
159	4	16
160	5	16
161	6	16
162	7	16
163	8	16
164	9	16
165	10	16
166	1	17
167	2	17
168	3	17
169	4	17
170	5	17
171	6	17
172	7	17
173	8	17
174	9	17
175	10	17
176	1	18
177	2	18
178	3	18
179	4	18
180	5	18
181	6	18
182	7	18
183	8	18
184	9	18
185	10	18
186	1	3
187	2	3
188	3	3
189	4	3
190	5	3
191	6	3
192	7	3
193	8	3
194	9	3
195	10	3
196	11	3
197	12	3
198	13	3
199	14	3
200	15	3
201	16	3
202	17	3
203	18	3
204	19	3
205	20	3
206	21	3
207	11	2
208	12	2
209	13	2
210	14	2
211	15	2
212	16	2
213	17	2
214	18	2
215	19	2
216	1	29
217	2	29
218	3	29
219	4	29
220	5	29
221	6	29
222	7	29
223	8	29
224	123123	29
225	13123123	29
226	1234567890	5
\.


--
-- Data for Name: schedules; Type: TABLE DATA; Schema: public; Owner: postgres
--

COPY public.schedules (id, name, datetime_start, datetime_end, office_id, user_id) FROM stdin;
1	Предмет 1	2025-02-13 12:28:08+03	2025-02-14 01:28:13+03	1	1
2	Предмет 2	2025-02-14 10:49:31+03	2025-02-15 01:49:35+03	1	1
3	Предмет3	2025-02-18 13:53:54+03	2025-02-19 01:53:56+03	1	1
4	Предмет4	2025-02-19 09:03:50+03	2025-02-20 01:03:52+03	1	1
5	Предмет 5	2025-02-20 15:34:49+03	2025-02-21 01:34:51+03	1	1
6	Математика	2025-02-21 14:40:00+03	2025-02-21 15:50:00+03	2	1
7	Математика	2025-03-07 14:40:00+03	2025-03-07 15:50:00+03	2	1
8	Математика	2025-03-21 14:40:00+03	2025-03-21 15:50:00+03	2	1
9	Математика	2025-04-04 14:40:00+03	2025-04-04 15:50:00+03	2	1
10	Математика	2025-04-18 14:40:00+03	2025-04-18 15:50:00+03	2	1
11	Математика	2025-05-02 14:40:00+03	2025-05-02 15:50:00+03	2	1
12	Математика	2025-05-16 14:40:00+03	2025-05-16 15:50:00+03	2	1
13	Математика	2025-05-30 14:40:00+03	2025-05-30 15:50:00+03	2	1
14	Математика	2025-06-13 14:40:00+03	2025-06-13 15:50:00+03	2	1
15	Математика	2025-06-27 14:40:00+03	2025-06-27 15:50:00+03	2	1
16	Математика	2025-02-21 14:40:00+03	2025-02-21 15:50:00+03	2	1
17	Математика	2025-03-07 14:40:00+03	2025-03-07 15:50:00+03	2	1
18	Математика	2025-03-21 14:40:00+03	2025-03-21 15:50:00+03	2	1
19	Математика	2025-04-04 14:40:00+03	2025-04-04 15:50:00+03	2	1
20	Математика	2025-04-18 14:40:00+03	2025-04-18 15:50:00+03	2	1
21	Математика	2025-05-02 14:40:00+03	2025-05-02 15:50:00+03	2	1
22	Математика	2025-05-16 14:40:00+03	2025-05-16 15:50:00+03	2	1
23	Математика	2025-05-30 14:40:00+03	2025-05-30 15:50:00+03	2	1
24	Математика	2025-06-13 14:40:00+03	2025-06-13 15:50:00+03	2	1
25	Математика	2025-06-27 14:40:00+03	2025-06-27 15:50:00+03	2	1
26	Русский	2025-02-22 14:40:00+03	2025-02-21 15:50:00+03	2	1
27	Русский	2025-03-08 14:40:00+03	2025-03-07 15:50:00+03	2	1
28	Русский	2025-03-22 14:40:00+03	2025-03-21 15:50:00+03	2	1
29	Русский	2025-04-05 14:40:00+03	2025-04-04 15:50:00+03	2	1
30	Русский	2025-04-19 14:40:00+03	2025-04-18 15:50:00+03	2	1
31	Русский	2025-05-03 14:40:00+03	2025-05-02 15:50:00+03	2	1
32	Русский	2025-05-17 14:40:00+03	2025-05-16 15:50:00+03	2	1
33	Русский	2025-05-31 14:40:00+03	2025-05-30 15:50:00+03	2	1
34	Русский	2025-06-14 14:40:00+03	2025-06-13 15:50:00+03	2	1
35	Русский	2025-06-28 14:40:00+03	2025-06-27 15:50:00+03	2	1
36	АиП	2025-02-23 13:00:00+03	2025-02-23 15:00:00+03	1	3
37	АиП	2025-03-09 13:00:00+03	2025-03-09 15:00:00+03	1	3
38	АиП	2025-03-23 13:00:00+03	2025-03-23 15:00:00+03	1	3
39	АиП	2025-04-06 13:00:00+03	2025-04-06 15:00:00+03	1	3
40	АиП	2025-04-20 13:00:00+03	2025-04-20 15:00:00+03	1	3
41	АиП	2025-05-04 13:00:00+03	2025-05-04 15:00:00+03	1	3
42	АиП	2025-05-18 13:00:00+03	2025-05-18 15:00:00+03	1	3
43	АиП	2025-06-01 13:00:00+03	2025-06-01 15:00:00+03	1	3
44	АиП	2025-06-15 13:00:00+03	2025-06-15 15:00:00+03	1	3
45	АиП	2025-06-29 13:00:00+03	2025-06-29 15:00:00+03	1	3
46	Пример1211	2025-02-12 17:30:00+03	2025-02-12 18:30:00+03	8	5
47	Пример1211	2025-02-26 17:30:00+03	2025-02-26 18:30:00+03	8	5
48	Пример1211	2025-03-12 17:30:00+03	2025-03-12 18:30:00+03	8	5
49	Пример1211	2025-03-26 17:30:00+03	2025-03-26 18:30:00+03	8	5
50	Пример1211	2025-04-09 17:30:00+03	2025-04-09 18:30:00+03	8	5
51	Пример1211	2025-04-23 17:30:00+03	2025-04-23 18:30:00+03	8	5
52	Пример1211	2025-05-07 17:30:00+03	2025-05-07 18:30:00+03	8	5
53	Пример1211	2025-05-21 17:30:00+03	2025-05-21 18:30:00+03	8	5
54	Пример1211	2025-06-04 17:30:00+03	2025-06-04 18:30:00+03	8	5
55	Пример1211	2025-06-18 17:30:00+03	2025-06-18 18:30:00+03	8	5
56	БАШМАКОВ	2025-02-26 23:30:00+03	2025-02-27 02:30:00+03	1	1
57	БАШМАКОВ	2025-03-12 23:30:00+03	2025-03-13 02:30:00+03	1	1
58	БАШМАКОВ	2025-03-26 23:30:00+03	2025-03-27 02:30:00+03	1	1
59	БАШМАКОВ	2025-04-09 23:30:00+03	2025-04-10 02:30:00+03	1	1
60	БАШМАКОВ	2025-04-23 23:30:00+03	2025-04-24 02:30:00+03	1	1
61	БАШМАКОВ	2025-05-07 23:30:00+03	2025-05-08 02:30:00+03	1	1
62	БАШМАКОВ	2025-05-21 23:30:00+03	2025-05-22 02:30:00+03	1	1
63	БАШМАКОВ	2025-06-04 23:30:00+03	2025-06-05 02:30:00+03	1	1
64	БАШМАКОВ	2025-06-18 23:30:00+03	2025-06-19 02:30:00+03	1	1
66	TESTOVOE	2025-02-27 14:16:00+03	2025-02-27 16:20:00+03	1	1
67	TESTOVOE	2025-03-13 14:16:00+03	2025-03-13 16:20:00+03	1	1
68	TESTOVOE	2025-03-27 14:16:00+03	2025-03-27 16:20:00+03	1	1
69	TESTOVOE	2025-04-10 14:16:00+03	2025-04-10 16:20:00+03	1	1
70	TESTOVOE	2025-04-24 14:16:00+03	2025-04-24 16:20:00+03	1	1
71	TESTOVOE	2025-05-08 14:16:00+03	2025-05-08 16:20:00+03	1	1
72	TESTOVOE	2025-05-22 14:16:00+03	2025-05-22 16:20:00+03	1	1
73	TESTOVOE	2025-06-05 14:16:00+03	2025-06-05 16:20:00+03	1	1
74	TESTOVOE	2025-06-19 14:16:00+03	2025-06-19 16:20:00+03	1	1
75	ПРИМЕРНОЕПРИМЕР	2025-02-28 11:13:00+03	2025-02-28 15:18:00+03	1	1
76	ПРИМЕРНОЕПРИМЕР	2025-03-14 11:13:00+03	2025-03-14 15:18:00+03	1	1
77	ПРИМЕРНОЕПРИМЕР	2025-03-28 11:13:00+03	2025-03-28 15:18:00+03	1	1
78	ПРИМЕРНОЕПРИМЕР	2025-04-11 11:13:00+03	2025-04-11 15:18:00+03	1	1
79	ПРИМЕРНОЕПРИМЕР	2025-04-25 11:13:00+03	2025-04-25 15:18:00+03	1	1
80	ПРИМЕРНОЕПРИМЕР	2025-05-09 11:13:00+03	2025-05-09 15:18:00+03	1	1
81	ПРИМЕРНОЕПРИМЕР	2025-05-23 11:13:00+03	2025-05-23 15:18:00+03	1	1
82	ПРИМЕРНОЕПРИМЕР	2025-06-06 11:13:00+03	2025-06-06 15:18:00+03	1	1
83	ПРИМЕРНОЕПРИМЕР	2025-06-20 11:13:00+03	2025-06-20 15:18:00+03	1	1
84	ТЕСТСЫ	2025-03-04 13:46:20+03	2025-03-04 23:46:22+03	1	1
85	Физика	2025-03-12 08:36:00+03	2025-03-12 12:37:00+03	1	1
86	Физика	2025-03-26 08:36:00+03	2025-03-26 12:37:00+03	1	1
87	Физика	2025-04-09 08:36:00+03	2025-04-09 12:37:00+03	1	1
88	Физика	2025-04-23 08:36:00+03	2025-04-23 12:37:00+03	1	1
89	Физика	2025-05-07 08:36:00+03	2025-05-07 12:37:00+03	1	1
90	Физика	2025-05-21 08:36:00+03	2025-05-21 12:37:00+03	1	1
91	Физика	2025-06-04 08:36:00+03	2025-06-04 12:37:00+03	1	1
92	Физика	2025-06-18 08:36:00+03	2025-06-18 12:37:00+03	1	1
\.


--
-- Data for Name: statuses; Type: TABLE DATA; Schema: public; Owner: postgres
--

COPY public.statuses (id, name) FROM stdin;
2	Исправен
4	Неисправен, неизвестная причина
5	Не работает
6	В обработке
7	Исправлено
3	Работает
1	Сломано
\.


--
-- Data for Name: type_devices; Type: TABLE DATA; Schema: public; Owner: postgres
--

COPY public.type_devices (id, name) FROM stdin;
1	Мышка
2	Клавиатура
3	Мышка + Клавиатура
4	Дисковод
5	Монитор
6	Системный блок
7	Проектор
8	Принтер
\.


--
-- Name: account_userprofile_id_seq; Type: SEQUENCE SET; Schema: public; Owner: postgres
--

SELECT pg_catalog.setval('public.account_userprofile_id_seq', 7, true);


--
-- Name: applications_id_seq; Type: SEQUENCE SET; Schema: public; Owner: postgres
--

SELECT pg_catalog.setval('public.applications_id_seq', 133, true);


--
-- Name: auth_group_id_seq; Type: SEQUENCE SET; Schema: public; Owner: postgres
--

SELECT pg_catalog.setval('public.auth_group_id_seq', 3, true);


--
-- Name: auth_group_permissions_id_seq; Type: SEQUENCE SET; Schema: public; Owner: postgres
--

SELECT pg_catalog.setval('public.auth_group_permissions_id_seq', 1, false);


--
-- Name: auth_permission_id_seq; Type: SEQUENCE SET; Schema: public; Owner: postgres
--

SELECT pg_catalog.setval('public.auth_permission_id_seq', 96, true);


--
-- Name: auth_user_groups_id_seq; Type: SEQUENCE SET; Schema: public; Owner: postgres
--

SELECT pg_catalog.setval('public.auth_user_groups_id_seq', 19, true);


--
-- Name: auth_user_id_seq; Type: SEQUENCE SET; Schema: public; Owner: postgres
--

SELECT pg_catalog.setval('public.auth_user_id_seq', 24, true);


--
-- Name: auth_user_user_permissions_id_seq; Type: SEQUENCE SET; Schema: public; Owner: postgres
--

SELECT pg_catalog.setval('public.auth_user_user_permissions_id_seq', 1, false);


--
-- Name: body_deviceposition_id_seq; Type: SEQUENCE SET; Schema: public; Owner: postgres
--

SELECT pg_catalog.setval('public.body_deviceposition_id_seq', 46, true);


--
-- Name: body_id_seq; Type: SEQUENCE SET; Schema: public; Owner: postgres
--

SELECT pg_catalog.setval('public.body_id_seq', 2, true);


--
-- Name: body_officelayout_id_seq; Type: SEQUENCE SET; Schema: public; Owner: postgres
--

SELECT pg_catalog.setval('public.body_officelayout_id_seq', 4, true);


--
-- Name: body_telegramuser_id_seq; Type: SEQUENCE SET; Schema: public; Owner: postgres
--

SELECT pg_catalog.setval('public.body_telegramuser_id_seq', 1, true);


--
-- Name: breakdown_types_id_seq; Type: SEQUENCE SET; Schema: public; Owner: postgres
--

SELECT pg_catalog.setval('public.breakdown_types_id_seq', 3, true);


--
-- Name: chat_id_seq; Type: SEQUENCE SET; Schema: public; Owner: postgres
--

SELECT pg_catalog.setval('public.chat_id_seq', 2, true);


--
-- Name: devices_id_seq; Type: SEQUENCE SET; Schema: public; Owner: postgres
--

SELECT pg_catalog.setval('public.devices_id_seq', 156, true);


--
-- Name: django_admin_log_id_seq; Type: SEQUENCE SET; Schema: public; Owner: postgres
--

SELECT pg_catalog.setval('public.django_admin_log_id_seq', 183, true);


--
-- Name: django_content_type_id_seq; Type: SEQUENCE SET; Schema: public; Owner: postgres
--

SELECT pg_catalog.setval('public.django_content_type_id_seq', 24, true);


--
-- Name: django_migrations_id_seq; Type: SEQUENCE SET; Schema: public; Owner: postgres
--

SELECT pg_catalog.setval('public.django_migrations_id_seq', 36, true);


--
-- Name: floors_bodies_id_seq; Type: SEQUENCE SET; Schema: public; Owner: postgres
--

SELECT pg_catalog.setval('public.floors_bodies_id_seq', 6, true);


--
-- Name: floors_id_seq; Type: SEQUENCE SET; Schema: public; Owner: postgres
--

SELECT pg_catalog.setval('public.floors_id_seq', 5, true);


--
-- Name: messages_id_seq; Type: SEQUENCE SET; Schema: public; Owner: postgres
--

SELECT pg_catalog.setval('public.messages_id_seq', 11, true);


--
-- Name: offices_id_seq; Type: SEQUENCE SET; Schema: public; Owner: postgres
--

SELECT pg_catalog.setval('public.offices_id_seq', 29, true);


--
-- Name: package_device_id_seq; Type: SEQUENCE SET; Schema: public; Owner: postgres
--

SELECT pg_catalog.setval('public.package_device_id_seq', 226, true);


--
-- Name: schedules_id_seq; Type: SEQUENCE SET; Schema: public; Owner: postgres
--

SELECT pg_catalog.setval('public.schedules_id_seq', 92, true);


--
-- Name: statuses_id_seq; Type: SEQUENCE SET; Schema: public; Owner: postgres
--

SELECT pg_catalog.setval('public.statuses_id_seq', 7, true);


--
-- Name: type_devices_id_seq; Type: SEQUENCE SET; Schema: public; Owner: postgres
--

SELECT pg_catalog.setval('public.type_devices_id_seq', 8, true);


--
-- Name: account_userprofile account_userprofile_pkey; Type: CONSTRAINT; Schema: public; Owner: postgres
--

ALTER TABLE ONLY public.account_userprofile
    ADD CONSTRAINT account_userprofile_pkey PRIMARY KEY (id);


--
-- Name: account_userprofile account_userprofile_user_id_key; Type: CONSTRAINT; Schema: public; Owner: postgres
--

ALTER TABLE ONLY public.account_userprofile
    ADD CONSTRAINT account_userprofile_user_id_key UNIQUE (user_id);


--
-- Name: applications applications_pkey; Type: CONSTRAINT; Schema: public; Owner: postgres
--

ALTER TABLE ONLY public.applications
    ADD CONSTRAINT applications_pkey PRIMARY KEY (id);


--
-- Name: auth_group auth_group_name_key; Type: CONSTRAINT; Schema: public; Owner: postgres
--

ALTER TABLE ONLY public.auth_group
    ADD CONSTRAINT auth_group_name_key UNIQUE (name);


--
-- Name: auth_group_permissions auth_group_permissions_group_id_permission_id_0cd325b0_uniq; Type: CONSTRAINT; Schema: public; Owner: postgres
--

ALTER TABLE ONLY public.auth_group_permissions
    ADD CONSTRAINT auth_group_permissions_group_id_permission_id_0cd325b0_uniq UNIQUE (group_id, permission_id);


--
-- Name: auth_group_permissions auth_group_permissions_pkey; Type: CONSTRAINT; Schema: public; Owner: postgres
--

ALTER TABLE ONLY public.auth_group_permissions
    ADD CONSTRAINT auth_group_permissions_pkey PRIMARY KEY (id);


--
-- Name: auth_group auth_group_pkey; Type: CONSTRAINT; Schema: public; Owner: postgres
--

ALTER TABLE ONLY public.auth_group
    ADD CONSTRAINT auth_group_pkey PRIMARY KEY (id);


--
-- Name: auth_permission auth_permission_content_type_id_codename_01ab375a_uniq; Type: CONSTRAINT; Schema: public; Owner: postgres
--

ALTER TABLE ONLY public.auth_permission
    ADD CONSTRAINT auth_permission_content_type_id_codename_01ab375a_uniq UNIQUE (content_type_id, codename);


--
-- Name: auth_permission auth_permission_pkey; Type: CONSTRAINT; Schema: public; Owner: postgres
--

ALTER TABLE ONLY public.auth_permission
    ADD CONSTRAINT auth_permission_pkey PRIMARY KEY (id);


--
-- Name: auth_user_groups auth_user_groups_pkey; Type: CONSTRAINT; Schema: public; Owner: postgres
--

ALTER TABLE ONLY public.auth_user_groups
    ADD CONSTRAINT auth_user_groups_pkey PRIMARY KEY (id);


--
-- Name: auth_user_groups auth_user_groups_user_id_group_id_94350c0c_uniq; Type: CONSTRAINT; Schema: public; Owner: postgres
--

ALTER TABLE ONLY public.auth_user_groups
    ADD CONSTRAINT auth_user_groups_user_id_group_id_94350c0c_uniq UNIQUE (user_id, group_id);


--
-- Name: auth_user auth_user_pkey; Type: CONSTRAINT; Schema: public; Owner: postgres
--

ALTER TABLE ONLY public.auth_user
    ADD CONSTRAINT auth_user_pkey PRIMARY KEY (id);


--
-- Name: auth_user_user_permissions auth_user_user_permissions_pkey; Type: CONSTRAINT; Schema: public; Owner: postgres
--

ALTER TABLE ONLY public.auth_user_user_permissions
    ADD CONSTRAINT auth_user_user_permissions_pkey PRIMARY KEY (id);


--
-- Name: auth_user_user_permissions auth_user_user_permissions_user_id_permission_id_14a6b632_uniq; Type: CONSTRAINT; Schema: public; Owner: postgres
--

ALTER TABLE ONLY public.auth_user_user_permissions
    ADD CONSTRAINT auth_user_user_permissions_user_id_permission_id_14a6b632_uniq UNIQUE (user_id, permission_id);


--
-- Name: auth_user auth_user_username_key; Type: CONSTRAINT; Schema: public; Owner: postgres
--

ALTER TABLE ONLY public.auth_user
    ADD CONSTRAINT auth_user_username_key UNIQUE (username);


--
-- Name: body_deviceposition body_deviceposition_pkey; Type: CONSTRAINT; Schema: public; Owner: postgres
--

ALTER TABLE ONLY public.body_deviceposition
    ADD CONSTRAINT body_deviceposition_pkey PRIMARY KEY (id);


--
-- Name: body_officelayout body_officelayout_pkey; Type: CONSTRAINT; Schema: public; Owner: postgres
--

ALTER TABLE ONLY public.body_officelayout
    ADD CONSTRAINT body_officelayout_pkey PRIMARY KEY (id);


--
-- Name: body body_pkey; Type: CONSTRAINT; Schema: public; Owner: postgres
--

ALTER TABLE ONLY public.body
    ADD CONSTRAINT body_pkey PRIMARY KEY (id);


--
-- Name: body_telegramuser body_telegramuser_chat_id_key; Type: CONSTRAINT; Schema: public; Owner: postgres
--

ALTER TABLE ONLY public.body_telegramuser
    ADD CONSTRAINT body_telegramuser_chat_id_key UNIQUE (chat_id);


--
-- Name: body_telegramuser body_telegramuser_pkey; Type: CONSTRAINT; Schema: public; Owner: postgres
--

ALTER TABLE ONLY public.body_telegramuser
    ADD CONSTRAINT body_telegramuser_pkey PRIMARY KEY (id);


--
-- Name: breakdown_types breakdown_types_name_key; Type: CONSTRAINT; Schema: public; Owner: postgres
--

ALTER TABLE ONLY public.breakdown_types
    ADD CONSTRAINT breakdown_types_name_key UNIQUE (name);


--
-- Name: breakdown_types breakdown_types_pkey; Type: CONSTRAINT; Schema: public; Owner: postgres
--

ALTER TABLE ONLY public.breakdown_types
    ADD CONSTRAINT breakdown_types_pkey PRIMARY KEY (id);


--
-- Name: chat chat_pkey; Type: CONSTRAINT; Schema: public; Owner: postgres
--

ALTER TABLE ONLY public.chat
    ADD CONSTRAINT chat_pkey PRIMARY KEY (id);


--
-- Name: devices devices_pkey; Type: CONSTRAINT; Schema: public; Owner: postgres
--

ALTER TABLE ONLY public.devices
    ADD CONSTRAINT devices_pkey PRIMARY KEY (id);


--
-- Name: django_admin_log django_admin_log_pkey; Type: CONSTRAINT; Schema: public; Owner: postgres
--

ALTER TABLE ONLY public.django_admin_log
    ADD CONSTRAINT django_admin_log_pkey PRIMARY KEY (id);


--
-- Name: django_content_type django_content_type_app_label_model_76bd3d3b_uniq; Type: CONSTRAINT; Schema: public; Owner: postgres
--

ALTER TABLE ONLY public.django_content_type
    ADD CONSTRAINT django_content_type_app_label_model_76bd3d3b_uniq UNIQUE (app_label, model);


--
-- Name: django_content_type django_content_type_pkey; Type: CONSTRAINT; Schema: public; Owner: postgres
--

ALTER TABLE ONLY public.django_content_type
    ADD CONSTRAINT django_content_type_pkey PRIMARY KEY (id);


--
-- Name: django_migrations django_migrations_pkey; Type: CONSTRAINT; Schema: public; Owner: postgres
--

ALTER TABLE ONLY public.django_migrations
    ADD CONSTRAINT django_migrations_pkey PRIMARY KEY (id);


--
-- Name: django_session django_session_pkey; Type: CONSTRAINT; Schema: public; Owner: postgres
--

ALTER TABLE ONLY public.django_session
    ADD CONSTRAINT django_session_pkey PRIMARY KEY (session_key);


--
-- Name: floors_bodies floors_bodies_floor_id_body_id_7ef92dae_uniq; Type: CONSTRAINT; Schema: public; Owner: postgres
--

ALTER TABLE ONLY public.floors_bodies
    ADD CONSTRAINT floors_bodies_floor_id_body_id_7ef92dae_uniq UNIQUE (floor_id, body_id);


--
-- Name: floors_bodies floors_bodies_pkey; Type: CONSTRAINT; Schema: public; Owner: postgres
--

ALTER TABLE ONLY public.floors_bodies
    ADD CONSTRAINT floors_bodies_pkey PRIMARY KEY (id);


--
-- Name: floors floors_body_id_number_70e97edf_uniq; Type: CONSTRAINT; Schema: public; Owner: postgres
--

ALTER TABLE ONLY public.floors
    ADD CONSTRAINT floors_body_id_number_70e97edf_uniq UNIQUE (body_id, number);


--
-- Name: floors floors_pkey; Type: CONSTRAINT; Schema: public; Owner: postgres
--

ALTER TABLE ONLY public.floors
    ADD CONSTRAINT floors_pkey PRIMARY KEY (id);


--
-- Name: messages messages_pkey; Type: CONSTRAINT; Schema: public; Owner: postgres
--

ALTER TABLE ONLY public.messages
    ADD CONSTRAINT messages_pkey PRIMARY KEY (id);


--
-- Name: offices offices_pkey; Type: CONSTRAINT; Schema: public; Owner: postgres
--

ALTER TABLE ONLY public.offices
    ADD CONSTRAINT offices_pkey PRIMARY KEY (id);


--
-- Name: package_device package_device_pkey; Type: CONSTRAINT; Schema: public; Owner: postgres
--

ALTER TABLE ONLY public.package_device
    ADD CONSTRAINT package_device_pkey PRIMARY KEY (id);


--
-- Name: schedules schedules_pkey; Type: CONSTRAINT; Schema: public; Owner: postgres
--

ALTER TABLE ONLY public.schedules
    ADD CONSTRAINT schedules_pkey PRIMARY KEY (id);


--
-- Name: statuses statuses_pkey; Type: CONSTRAINT; Schema: public; Owner: postgres
--

ALTER TABLE ONLY public.statuses
    ADD CONSTRAINT statuses_pkey PRIMARY KEY (id);


--
-- Name: type_devices type_devices_pkey; Type: CONSTRAINT; Schema: public; Owner: postgres
--

ALTER TABLE ONLY public.type_devices
    ADD CONSTRAINT type_devices_pkey PRIMARY KEY (id);


--
-- Name: application_data_7bee50_idx; Type: INDEX; Schema: public; Owner: postgres
--

CREATE INDEX application_data_7bee50_idx ON public.applications USING btree (data);


--
-- Name: application_office__e69348_idx; Type: INDEX; Schema: public; Owner: postgres
--

CREATE INDEX application_office__e69348_idx ON public.applications USING btree (office_id, status_id);


--
-- Name: applications_breakdown_type_id_3da73625; Type: INDEX; Schema: public; Owner: postgres
--

CREATE INDEX applications_breakdown_type_id_3da73625 ON public.applications USING btree (breakdown_type_id);


--
-- Name: applications_data_151caf19; Type: INDEX; Schema: public; Owner: postgres
--

CREATE INDEX applications_data_151caf19 ON public.applications USING btree (data);


--
-- Name: applications_device_id_31bf2122; Type: INDEX; Schema: public; Owner: postgres
--

CREATE INDEX applications_device_id_31bf2122 ON public.applications USING btree (device_id);


--
-- Name: applications_office_id_308a603b; Type: INDEX; Schema: public; Owner: postgres
--

CREATE INDEX applications_office_id_308a603b ON public.applications USING btree (office_id);


--
-- Name: applications_status_id_3985ceb1; Type: INDEX; Schema: public; Owner: postgres
--

CREATE INDEX applications_status_id_3985ceb1 ON public.applications USING btree (status_id);


--
-- Name: applications_user_id_ccbebfe7; Type: INDEX; Schema: public; Owner: postgres
--

CREATE INDEX applications_user_id_ccbebfe7 ON public.applications USING btree (user_id);


--
-- Name: auth_group_name_a6ea08ec_like; Type: INDEX; Schema: public; Owner: postgres
--

CREATE INDEX auth_group_name_a6ea08ec_like ON public.auth_group USING btree (name varchar_pattern_ops);


--
-- Name: auth_group_permissions_group_id_b120cbf9; Type: INDEX; Schema: public; Owner: postgres
--

CREATE INDEX auth_group_permissions_group_id_b120cbf9 ON public.auth_group_permissions USING btree (group_id);


--
-- Name: auth_group_permissions_permission_id_84c5c92e; Type: INDEX; Schema: public; Owner: postgres
--

CREATE INDEX auth_group_permissions_permission_id_84c5c92e ON public.auth_group_permissions USING btree (permission_id);


--
-- Name: auth_permission_content_type_id_2f476e4b; Type: INDEX; Schema: public; Owner: postgres
--

CREATE INDEX auth_permission_content_type_id_2f476e4b ON public.auth_permission USING btree (content_type_id);


--
-- Name: auth_user_groups_group_id_97559544; Type: INDEX; Schema: public; Owner: postgres
--

CREATE INDEX auth_user_groups_group_id_97559544 ON public.auth_user_groups USING btree (group_id);


--
-- Name: auth_user_groups_user_id_6a12ed8b; Type: INDEX; Schema: public; Owner: postgres
--

CREATE INDEX auth_user_groups_user_id_6a12ed8b ON public.auth_user_groups USING btree (user_id);


--
-- Name: auth_user_user_permissions_permission_id_1fbb5f2c; Type: INDEX; Schema: public; Owner: postgres
--

CREATE INDEX auth_user_user_permissions_permission_id_1fbb5f2c ON public.auth_user_user_permissions USING btree (permission_id);


--
-- Name: auth_user_user_permissions_user_id_a95ead1b; Type: INDEX; Schema: public; Owner: postgres
--

CREATE INDEX auth_user_user_permissions_user_id_a95ead1b ON public.auth_user_user_permissions USING btree (user_id);


--
-- Name: auth_user_username_6821ab7c_like; Type: INDEX; Schema: public; Owner: postgres
--

CREATE INDEX auth_user_username_6821ab7c_like ON public.auth_user USING btree (username varchar_pattern_ops);


--
-- Name: body_device_layout__b19a57_idx; Type: INDEX; Schema: public; Owner: postgres
--

CREATE INDEX body_device_layout__b19a57_idx ON public.body_deviceposition USING btree (layout_id, package_device_id);


--
-- Name: body_deviceposition_is_active_f891346b; Type: INDEX; Schema: public; Owner: postgres
--

CREATE INDEX body_deviceposition_is_active_f891346b ON public.body_deviceposition USING btree (is_active);


--
-- Name: body_deviceposition_layout_id_d9ba8329; Type: INDEX; Schema: public; Owner: postgres
--

CREATE INDEX body_deviceposition_layout_id_d9ba8329 ON public.body_deviceposition USING btree (layout_id);


--
-- Name: body_deviceposition_package_device_id_31618e4f; Type: INDEX; Schema: public; Owner: postgres
--

CREATE INDEX body_deviceposition_package_device_id_31618e4f ON public.body_deviceposition USING btree (package_device_id);


--
-- Name: body_number_220c6afc; Type: INDEX; Schema: public; Owner: postgres
--

CREATE INDEX body_number_220c6afc ON public.body USING btree (number);


--
-- Name: body_number_220c6afc_like; Type: INDEX; Schema: public; Owner: postgres
--

CREATE INDEX body_number_220c6afc_like ON public.body USING btree (number varchar_pattern_ops);


--
-- Name: body_office_office__a7f44a_idx; Type: INDEX; Schema: public; Owner: postgres
--

CREATE INDEX body_office_office__a7f44a_idx ON public.body_officelayout USING btree (office_id, created_at);


--
-- Name: body_officelayout_created_at_944cbb40; Type: INDEX; Schema: public; Owner: postgres
--

CREATE INDEX body_officelayout_created_at_944cbb40 ON public.body_officelayout USING btree (created_at);


--
-- Name: body_officelayout_name_9f5b446d; Type: INDEX; Schema: public; Owner: postgres
--

CREATE INDEX body_officelayout_name_9f5b446d ON public.body_officelayout USING btree (name);


--
-- Name: body_officelayout_name_9f5b446d_like; Type: INDEX; Schema: public; Owner: postgres
--

CREATE INDEX body_officelayout_name_9f5b446d_like ON public.body_officelayout USING btree (name varchar_pattern_ops);


--
-- Name: body_officelayout_office_id_0a8f840a; Type: INDEX; Schema: public; Owner: postgres
--

CREATE INDEX body_officelayout_office_id_0a8f840a ON public.body_officelayout USING btree (office_id);


--
-- Name: body_telegramuser_chat_id_65d47729_like; Type: INDEX; Schema: public; Owner: postgres
--

CREATE INDEX body_telegramuser_chat_id_65d47729_like ON public.body_telegramuser USING btree (chat_id varchar_pattern_ops);


--
-- Name: breakdown_types_name_ba1be06c_like; Type: INDEX; Schema: public; Owner: postgres
--

CREATE INDEX breakdown_types_name_ba1be06c_like ON public.breakdown_types USING btree (name varchar_pattern_ops);


--
-- Name: devices_condition_id_35f00c90; Type: INDEX; Schema: public; Owner: postgres
--

CREATE INDEX devices_condition_id_35f00c90 ON public.devices USING btree (condition_id);


--
-- Name: devices_package_id_bafca569; Type: INDEX; Schema: public; Owner: postgres
--

CREATE INDEX devices_package_id_bafca569 ON public.devices USING btree (package_id);


--
-- Name: devices_serial_number_1ea8472d; Type: INDEX; Schema: public; Owner: postgres
--

CREATE INDEX devices_serial_number_1ea8472d ON public.devices USING btree (serial_number);


--
-- Name: devices_serial_number_1ea8472d_like; Type: INDEX; Schema: public; Owner: postgres
--

CREATE INDEX devices_serial_number_1ea8472d_like ON public.devices USING btree (serial_number varchar_pattern_ops);


--
-- Name: devices_type_id_334e666f; Type: INDEX; Schema: public; Owner: postgres
--

CREATE INDEX devices_type_id_334e666f ON public.devices USING btree (type_id);


--
-- Name: devices_type_id_42d5fe_idx; Type: INDEX; Schema: public; Owner: postgres
--

CREATE INDEX devices_type_id_42d5fe_idx ON public.devices USING btree (type_id, serial_number);


--
-- Name: django_admin_log_content_type_id_c4bce8eb; Type: INDEX; Schema: public; Owner: postgres
--

CREATE INDEX django_admin_log_content_type_id_c4bce8eb ON public.django_admin_log USING btree (content_type_id);


--
-- Name: django_admin_log_user_id_c564eba6; Type: INDEX; Schema: public; Owner: postgres
--

CREATE INDEX django_admin_log_user_id_c564eba6 ON public.django_admin_log USING btree (user_id);


--
-- Name: django_session_expire_date_a5c62663; Type: INDEX; Schema: public; Owner: postgres
--

CREATE INDEX django_session_expire_date_a5c62663 ON public.django_session USING btree (expire_date);


--
-- Name: django_session_session_key_c0390e0f_like; Type: INDEX; Schema: public; Owner: postgres
--

CREATE INDEX django_session_session_key_c0390e0f_like ON public.django_session USING btree (session_key varchar_pattern_ops);


--
-- Name: floors_bodies_body_id_4e2ca4d3; Type: INDEX; Schema: public; Owner: postgres
--

CREATE INDEX floors_bodies_body_id_4e2ca4d3 ON public.floors_bodies USING btree (body_id);


--
-- Name: floors_bodies_floor_id_7e873dfd; Type: INDEX; Schema: public; Owner: postgres
--

CREATE INDEX floors_bodies_floor_id_7e873dfd ON public.floors_bodies USING btree (floor_id);


--
-- Name: floors_body_id_f2fa7563; Type: INDEX; Schema: public; Owner: postgres
--

CREATE INDEX floors_body_id_f2fa7563 ON public.floors USING btree (body_id);


--
-- Name: floors_number_7233a959; Type: INDEX; Schema: public; Owner: postgres
--

CREATE INDEX floors_number_7233a959 ON public.floors USING btree (number);


--
-- Name: messages_chat_id_c921b202; Type: INDEX; Schema: public; Owner: postgres
--

CREATE INDEX messages_chat_id_c921b202 ON public.messages USING btree (chat_id);


--
-- Name: messages_person1_id_c1e93c28; Type: INDEX; Schema: public; Owner: postgres
--

CREATE INDEX messages_person1_id_c1e93c28 ON public.messages USING btree (person1_id);


--
-- Name: offices_body_id_35eff26d; Type: INDEX; Schema: public; Owner: postgres
--

CREATE INDEX offices_body_id_35eff26d ON public.offices USING btree (body_id);


--
-- Name: offices_floor_i_173aa5_idx; Type: INDEX; Schema: public; Owner: postgres
--

CREATE INDEX offices_floor_i_173aa5_idx ON public.offices USING btree (floor_id, body_id);


--
-- Name: offices_floor_id_89f2e10b; Type: INDEX; Schema: public; Owner: postgres
--

CREATE INDEX offices_floor_id_89f2e10b ON public.offices USING btree (floor_id);


--
-- Name: offices_number_81e2b88a; Type: INDEX; Schema: public; Owner: postgres
--

CREATE INDEX offices_number_81e2b88a ON public.offices USING btree (number);


--
-- Name: offices_number_81e2b88a_like; Type: INDEX; Schema: public; Owner: postgres
--

CREATE INDEX offices_number_81e2b88a_like ON public.offices USING btree (number varchar_pattern_ops);


--
-- Name: package_device_number_a671d872; Type: INDEX; Schema: public; Owner: postgres
--

CREATE INDEX package_device_number_a671d872 ON public.package_device USING btree (number);


--
-- Name: package_device_number_a671d872_like; Type: INDEX; Schema: public; Owner: postgres
--

CREATE INDEX package_device_number_a671d872_like ON public.package_device USING btree (number varchar_pattern_ops);


--
-- Name: package_device_office_id_3c21cbe5; Type: INDEX; Schema: public; Owner: postgres
--

CREATE INDEX package_device_office_id_3c21cbe5 ON public.package_device USING btree (office_id);


--
-- Name: schedules_datetim_51ecb4_idx; Type: INDEX; Schema: public; Owner: postgres
--

CREATE INDEX schedules_datetim_51ecb4_idx ON public.schedules USING btree (datetime_start, datetime_end);


--
-- Name: schedules_datetime_end_abe3ac2f; Type: INDEX; Schema: public; Owner: postgres
--

CREATE INDEX schedules_datetime_end_abe3ac2f ON public.schedules USING btree (datetime_end);


--
-- Name: schedules_datetime_start_4a147e86; Type: INDEX; Schema: public; Owner: postgres
--

CREATE INDEX schedules_datetime_start_4a147e86 ON public.schedules USING btree (datetime_start);


--
-- Name: schedules_office_id_a1aa7dc3; Type: INDEX; Schema: public; Owner: postgres
--

CREATE INDEX schedules_office_id_a1aa7dc3 ON public.schedules USING btree (office_id);


--
-- Name: schedules_user_id_7fea3c75; Type: INDEX; Schema: public; Owner: postgres
--

CREATE INDEX schedules_user_id_7fea3c75 ON public.schedules USING btree (user_id);


--
-- Name: statuses_name_342aa706; Type: INDEX; Schema: public; Owner: postgres
--

CREATE INDEX statuses_name_342aa706 ON public.statuses USING btree (name);


--
-- Name: statuses_name_342aa706_like; Type: INDEX; Schema: public; Owner: postgres
--

CREATE INDEX statuses_name_342aa706_like ON public.statuses USING btree (name varchar_pattern_ops);


--
-- Name: account_userprofile account_userprofile_user_id_5afa3c7a_fk_auth_user_id; Type: FK CONSTRAINT; Schema: public; Owner: postgres
--

ALTER TABLE ONLY public.account_userprofile
    ADD CONSTRAINT account_userprofile_user_id_5afa3c7a_fk_auth_user_id FOREIGN KEY (user_id) REFERENCES public.auth_user(id) DEFERRABLE INITIALLY DEFERRED;


--
-- Name: applications applications_breakdown_type_id_3da73625_fk_breakdown_types_id; Type: FK CONSTRAINT; Schema: public; Owner: postgres
--

ALTER TABLE ONLY public.applications
    ADD CONSTRAINT applications_breakdown_type_id_3da73625_fk_breakdown_types_id FOREIGN KEY (breakdown_type_id) REFERENCES public.breakdown_types(id) DEFERRABLE INITIALLY DEFERRED;


--
-- Name: applications applications_device_id_31bf2122_fk_devices_id; Type: FK CONSTRAINT; Schema: public; Owner: postgres
--

ALTER TABLE ONLY public.applications
    ADD CONSTRAINT applications_device_id_31bf2122_fk_devices_id FOREIGN KEY (device_id) REFERENCES public.devices(id) DEFERRABLE INITIALLY DEFERRED;


--
-- Name: applications applications_office_id_308a603b_fk_offices_id; Type: FK CONSTRAINT; Schema: public; Owner: postgres
--

ALTER TABLE ONLY public.applications
    ADD CONSTRAINT applications_office_id_308a603b_fk_offices_id FOREIGN KEY (office_id) REFERENCES public.offices(id) DEFERRABLE INITIALLY DEFERRED;


--
-- Name: applications applications_status_id_3985ceb1_fk_statuses_id; Type: FK CONSTRAINT; Schema: public; Owner: postgres
--

ALTER TABLE ONLY public.applications
    ADD CONSTRAINT applications_status_id_3985ceb1_fk_statuses_id FOREIGN KEY (status_id) REFERENCES public.statuses(id) DEFERRABLE INITIALLY DEFERRED;


--
-- Name: applications applications_user_id_ccbebfe7_fk_auth_user_id; Type: FK CONSTRAINT; Schema: public; Owner: postgres
--

ALTER TABLE ONLY public.applications
    ADD CONSTRAINT applications_user_id_ccbebfe7_fk_auth_user_id FOREIGN KEY (user_id) REFERENCES public.auth_user(id) DEFERRABLE INITIALLY DEFERRED;


--
-- Name: auth_group_permissions auth_group_permissio_permission_id_84c5c92e_fk_auth_perm; Type: FK CONSTRAINT; Schema: public; Owner: postgres
--

ALTER TABLE ONLY public.auth_group_permissions
    ADD CONSTRAINT auth_group_permissio_permission_id_84c5c92e_fk_auth_perm FOREIGN KEY (permission_id) REFERENCES public.auth_permission(id) DEFERRABLE INITIALLY DEFERRED;


--
-- Name: auth_group_permissions auth_group_permissions_group_id_b120cbf9_fk_auth_group_id; Type: FK CONSTRAINT; Schema: public; Owner: postgres
--

ALTER TABLE ONLY public.auth_group_permissions
    ADD CONSTRAINT auth_group_permissions_group_id_b120cbf9_fk_auth_group_id FOREIGN KEY (group_id) REFERENCES public.auth_group(id) DEFERRABLE INITIALLY DEFERRED;


--
-- Name: auth_permission auth_permission_content_type_id_2f476e4b_fk_django_co; Type: FK CONSTRAINT; Schema: public; Owner: postgres
--

ALTER TABLE ONLY public.auth_permission
    ADD CONSTRAINT auth_permission_content_type_id_2f476e4b_fk_django_co FOREIGN KEY (content_type_id) REFERENCES public.django_content_type(id) DEFERRABLE INITIALLY DEFERRED;


--
-- Name: auth_user_groups auth_user_groups_group_id_97559544_fk_auth_group_id; Type: FK CONSTRAINT; Schema: public; Owner: postgres
--

ALTER TABLE ONLY public.auth_user_groups
    ADD CONSTRAINT auth_user_groups_group_id_97559544_fk_auth_group_id FOREIGN KEY (group_id) REFERENCES public.auth_group(id) DEFERRABLE INITIALLY DEFERRED;


--
-- Name: auth_user_groups auth_user_groups_user_id_6a12ed8b_fk_auth_user_id; Type: FK CONSTRAINT; Schema: public; Owner: postgres
--

ALTER TABLE ONLY public.auth_user_groups
    ADD CONSTRAINT auth_user_groups_user_id_6a12ed8b_fk_auth_user_id FOREIGN KEY (user_id) REFERENCES public.auth_user(id) DEFERRABLE INITIALLY DEFERRED;


--
-- Name: auth_user_user_permissions auth_user_user_permi_permission_id_1fbb5f2c_fk_auth_perm; Type: FK CONSTRAINT; Schema: public; Owner: postgres
--

ALTER TABLE ONLY public.auth_user_user_permissions
    ADD CONSTRAINT auth_user_user_permi_permission_id_1fbb5f2c_fk_auth_perm FOREIGN KEY (permission_id) REFERENCES public.auth_permission(id) DEFERRABLE INITIALLY DEFERRED;


--
-- Name: auth_user_user_permissions auth_user_user_permissions_user_id_a95ead1b_fk_auth_user_id; Type: FK CONSTRAINT; Schema: public; Owner: postgres
--

ALTER TABLE ONLY public.auth_user_user_permissions
    ADD CONSTRAINT auth_user_user_permissions_user_id_a95ead1b_fk_auth_user_id FOREIGN KEY (user_id) REFERENCES public.auth_user(id) DEFERRABLE INITIALLY DEFERRED;


--
-- Name: body_deviceposition body_deviceposition_layout_id_d9ba8329_fk_body_officelayout_id; Type: FK CONSTRAINT; Schema: public; Owner: postgres
--

ALTER TABLE ONLY public.body_deviceposition
    ADD CONSTRAINT body_deviceposition_layout_id_d9ba8329_fk_body_officelayout_id FOREIGN KEY (layout_id) REFERENCES public.body_officelayout(id) DEFERRABLE INITIALLY DEFERRED;


--
-- Name: body_deviceposition body_deviceposition_package_device_id_31618e4f_fk_package_d; Type: FK CONSTRAINT; Schema: public; Owner: postgres
--

ALTER TABLE ONLY public.body_deviceposition
    ADD CONSTRAINT body_deviceposition_package_device_id_31618e4f_fk_package_d FOREIGN KEY (package_device_id) REFERENCES public.package_device(id) DEFERRABLE INITIALLY DEFERRED;


--
-- Name: body_officelayout body_officelayout_office_id_0a8f840a_fk_offices_id; Type: FK CONSTRAINT; Schema: public; Owner: postgres
--

ALTER TABLE ONLY public.body_officelayout
    ADD CONSTRAINT body_officelayout_office_id_0a8f840a_fk_offices_id FOREIGN KEY (office_id) REFERENCES public.offices(id) DEFERRABLE INITIALLY DEFERRED;


--
-- Name: devices devices_condition_id_35f00c90_fk_statuses_id; Type: FK CONSTRAINT; Schema: public; Owner: postgres
--

ALTER TABLE ONLY public.devices
    ADD CONSTRAINT devices_condition_id_35f00c90_fk_statuses_id FOREIGN KEY (condition_id) REFERENCES public.statuses(id) DEFERRABLE INITIALLY DEFERRED;


--
-- Name: devices devices_package_id_bafca569_fk_package_device_id; Type: FK CONSTRAINT; Schema: public; Owner: postgres
--

ALTER TABLE ONLY public.devices
    ADD CONSTRAINT devices_package_id_bafca569_fk_package_device_id FOREIGN KEY (package_id) REFERENCES public.package_device(id) DEFERRABLE INITIALLY DEFERRED;


--
-- Name: devices devices_type_id_334e666f_fk_type_devices_id; Type: FK CONSTRAINT; Schema: public; Owner: postgres
--

ALTER TABLE ONLY public.devices
    ADD CONSTRAINT devices_type_id_334e666f_fk_type_devices_id FOREIGN KEY (type_id) REFERENCES public.type_devices(id) DEFERRABLE INITIALLY DEFERRED;


--
-- Name: django_admin_log django_admin_log_content_type_id_c4bce8eb_fk_django_co; Type: FK CONSTRAINT; Schema: public; Owner: postgres
--

ALTER TABLE ONLY public.django_admin_log
    ADD CONSTRAINT django_admin_log_content_type_id_c4bce8eb_fk_django_co FOREIGN KEY (content_type_id) REFERENCES public.django_content_type(id) DEFERRABLE INITIALLY DEFERRED;


--
-- Name: django_admin_log django_admin_log_user_id_c564eba6_fk_auth_user_id; Type: FK CONSTRAINT; Schema: public; Owner: postgres
--

ALTER TABLE ONLY public.django_admin_log
    ADD CONSTRAINT django_admin_log_user_id_c564eba6_fk_auth_user_id FOREIGN KEY (user_id) REFERENCES public.auth_user(id) DEFERRABLE INITIALLY DEFERRED;


--
-- Name: floors_bodies floors_bodies_body_id_4e2ca4d3_fk_body_id; Type: FK CONSTRAINT; Schema: public; Owner: postgres
--

ALTER TABLE ONLY public.floors_bodies
    ADD CONSTRAINT floors_bodies_body_id_4e2ca4d3_fk_body_id FOREIGN KEY (body_id) REFERENCES public.body(id) DEFERRABLE INITIALLY DEFERRED;


--
-- Name: floors_bodies floors_bodies_floor_id_7e873dfd_fk_floors_id; Type: FK CONSTRAINT; Schema: public; Owner: postgres
--

ALTER TABLE ONLY public.floors_bodies
    ADD CONSTRAINT floors_bodies_floor_id_7e873dfd_fk_floors_id FOREIGN KEY (floor_id) REFERENCES public.floors(id) DEFERRABLE INITIALLY DEFERRED;


--
-- Name: floors floors_body_id_f2fa7563_fk_body_id; Type: FK CONSTRAINT; Schema: public; Owner: postgres
--

ALTER TABLE ONLY public.floors
    ADD CONSTRAINT floors_body_id_f2fa7563_fk_body_id FOREIGN KEY (body_id) REFERENCES public.body(id) DEFERRABLE INITIALLY DEFERRED;


--
-- Name: messages messages_chat_id_c921b202_fk_chat_id; Type: FK CONSTRAINT; Schema: public; Owner: postgres
--

ALTER TABLE ONLY public.messages
    ADD CONSTRAINT messages_chat_id_c921b202_fk_chat_id FOREIGN KEY (chat_id) REFERENCES public.chat(id) DEFERRABLE INITIALLY DEFERRED;


--
-- Name: messages messages_person1_id_c1e93c28_fk_auth_user_id; Type: FK CONSTRAINT; Schema: public; Owner: postgres
--

ALTER TABLE ONLY public.messages
    ADD CONSTRAINT messages_person1_id_c1e93c28_fk_auth_user_id FOREIGN KEY (person1_id) REFERENCES public.auth_user(id) DEFERRABLE INITIALLY DEFERRED;


--
-- Name: offices offices_body_id_35eff26d_fk_body_id; Type: FK CONSTRAINT; Schema: public; Owner: postgres
--

ALTER TABLE ONLY public.offices
    ADD CONSTRAINT offices_body_id_35eff26d_fk_body_id FOREIGN KEY (body_id) REFERENCES public.body(id) DEFERRABLE INITIALLY DEFERRED;


--
-- Name: offices offices_floor_id_89f2e10b_fk_floors_id; Type: FK CONSTRAINT; Schema: public; Owner: postgres
--

ALTER TABLE ONLY public.offices
    ADD CONSTRAINT offices_floor_id_89f2e10b_fk_floors_id FOREIGN KEY (floor_id) REFERENCES public.floors(id) DEFERRABLE INITIALLY DEFERRED;


--
-- Name: package_device package_device_office_id_3c21cbe5_fk_offices_id; Type: FK CONSTRAINT; Schema: public; Owner: postgres
--

ALTER TABLE ONLY public.package_device
    ADD CONSTRAINT package_device_office_id_3c21cbe5_fk_offices_id FOREIGN KEY (office_id) REFERENCES public.offices(id) DEFERRABLE INITIALLY DEFERRED;


--
-- Name: schedules schedules_office_id_a1aa7dc3_fk_offices_id; Type: FK CONSTRAINT; Schema: public; Owner: postgres
--

ALTER TABLE ONLY public.schedules
    ADD CONSTRAINT schedules_office_id_a1aa7dc3_fk_offices_id FOREIGN KEY (office_id) REFERENCES public.offices(id) DEFERRABLE INITIALLY DEFERRED;


--
-- Name: schedules schedules_user_id_7fea3c75_fk_auth_user_id; Type: FK CONSTRAINT; Schema: public; Owner: postgres
--

ALTER TABLE ONLY public.schedules
    ADD CONSTRAINT schedules_user_id_7fea3c75_fk_auth_user_id FOREIGN KEY (user_id) REFERENCES public.auth_user(id) DEFERRABLE INITIALLY DEFERRED;


--
-- PostgreSQL database dump complete
--

